questionnaire_attention,lifestyle_attention,mood_attention,academic_attention,fused_feature,stress_level
0.24806201538849826,0.11627906971335857,0.5116279067387777,0.12403100769424913,7.5723514176666065,1
0.41346153822300297,0.1346153845377219,0.2596153844656065,0.19230769219674557,5.08653845860392,2
0.2666666665333333,0.10833333327916665,0.49999999975,0.1249999999375,6.969444440959721,1
0.36206896532996435,0.12931034476070155,0.336206896377824,0.17241379301426873,5.617816089048257,2
0.18954248358580034,0.11111111106753814,0.5686274507574011,0.1307189541971037,9.911764701995388,1
0.39999999981538464,0.09999999995384616,0.32307692292781065,0.17692307684142014,6.623076920020119,2
0.1044776118935175,0.14179104471263088,0.649253731052573,0.1044776118935175,10.350746264022055,0
0.5531914890086012,0.11702127652105024,0.12765957438660028,0.2021276594454504,5.904255315380262,2
0.24113475167043907,0.1134751772566772,0.5319148933906744,0.1134751772566772,8.620567372218197,1
0.41584158391138126,0.1287128712106656,0.2673267325144594,0.18811881176943437,4.988448841921054,1
0.4308943087328971,0.10569105685901248,0.3170731705770375,0.14634146334324807,6.535230349115605,2
0.3863636361880165,0.11363636358471074,0.36363636347107436,0.13636363630165288,6.88636363323347,2
0.12413793098311533,0.13793103442568372,0.6413793100794292,0.09655172409797859,10.998850570161393,0
0.31060606046487604,0.08333333329545456,0.5227272724896694,0.08333333329545456,8.439393935557852,2
0.07407407404115227,0.13333333327407407,0.688888888582716,0.10370370365761317,11.443209871457338,0
0.251908396831187,0.09160305339315891,0.5267175570106637,0.1297709923069751,7.993638673183575,1
0.085714285677551,0.14285714279591835,0.6642857140010203,0.10714285709693876,11.211904757099658,0
0.11278195483633896,0.1503759397817853,0.6315789470834982,0.1052631578472497,9.870927313842689,0
0.21167883202408225,0.10948905104693911,0.5693430654440833,0.10948905104693911,8.972019460790843,1
0.58585858550352,0.13131313123354757,0.060606060569329656,0.22222222208754205,6.82323231909703,2
0.0534351144793427,0.1450381678725016,0.6870229004486919,0.11450381674144863,11.11323154707282,0
0.5494505490882743,0.1538461537447168,0.06593406589059292,0.2307692306170752,5.811355307523647,2
0.11428571423673468,0.14285714279591838,0.6428571425816326,0.09999999995714287,10.657142852575511,0
0.5327102800751157,0.13084112142195822,0.16822429897108915,0.16822429897108915,6.375389404524703,2
0.24999999988970587,0.11029411759839965,0.5294117644723183,0.11029411759839965,8.321078427701483,1
0.13571428565612245,0.14999999993571428,0.6214285711622449,0.09285714281734693,10.166666662309524,0
0.5267857140035076,0.1249999999330357,0.18749999989955354,0.16071428562818876,6.610119044077913,2
0.22147650997792892,0.12080536907887032,0.5838926172145399,0.0738255033259763,10.182326617823671,0
0.2323943660989883,0.11267605629041857,0.5492957744157906,0.10563380277226742,8.983568071321498,1
0.4903846151017011,0.13461538453772187,0.2019230768065828,0.17307692297707097,5.708333330040064,2
0.052631578923624855,0.16541353375996382,0.6766917290180339,0.10526315784724971,11.063909769444853,0
0.39999999973333333,0.14444444434814813,0.2999999998,0.15555555545185185,4.425925922975309,1
0.457627118411376,0.12711864400316,0.25423728800632,0.16101694907066932,6.217514121132336,2
0.17968749991577146,0.10937499994873046,0.5859374997253417,0.12499999994140623,8.601562495968016,1
0.1060606060123967,0.151515151446281,0.6363636360743802,0.1060606060123967,9.909090904586778,0
0.21538461528520708,0.12307692302011833,0.5538461535905325,0.10769230764260354,8.230769226970414,1
0.2421874998864746,0.11718749994506834,0.5390624997473143,0.10156249995239255,7.963541662933754,1
0.13698630131356726,0.1438356163792456,0.6164383559110527,0.10273972598517545,10.463470315334646,0
0.48571428543673467,0.13333333325714286,0.19999999988571426,0.18095238084897958,5.712698409434013,2
0.11450381674144863,0.1450381678725016,0.6412213737521124,0.09923664117592214,9.93765902852728,0
0.10738255029232917,0.1543624160452232,0.6442953017539751,0.09395973150578804,11.406040263863341,0
0.08219178078814036,0.14383561637924563,0.678082191502158,0.0958904109194971,12.07990867083474,0
0.05263157892362485,0.15789473677087454,0.6766917290180338,0.11278195483633896,11.046365909803644,0
0.42452830164649336,0.11320754710573157,0.2830188677643289,0.1792452829174083,5.393081757953601,2
0.48039215658016143,0.16666666656862744,0.14705882344290658,0.2058823528200692,5.4836601274932715,2
0.06293706291065577,0.14685314679153014,0.6923076920172135,0.09790209786102011,12.259906754762742,0
0.6020408159579341,0.14285714276967929,0.061224489758433975,0.19387755090170758,6.928571424329446,2
0.13380281684487202,0.1408450703630232,0.6338028166336044,0.09154929573596507,10.598591544817495,0
0.24390243890541338,0.11382113815585959,0.5121951217013682,0.1300813007495538,7.210027096753915,1
0.08208955220204946,0.15671641784027623,0.649253731052573,0.11194029845734017,10.393034821217052,0
0.12056737583521956,0.14184397157084655,0.6382978720688094,0.09929078009959258,10.620567371367134,0
0.2586206895214031,0.13793103441141497,0.46551724113852555,0.13793103441141497,6.218390801381291,1
0.0769230768908015,0.13986013980145728,0.6713286710469949,0.1118881118411658,11.646853141966353,0
0.5714285710787173,0.13265306114327363,0.09183673463765098,0.2040816325281133,6.438775506261975,2
0.22463768106175175,0.10869565212665407,0.5434782606332703,0.12318840574354127,8.574879223324933,1
0.21739130425330808,0.12318840574354126,0.565217391058601,0.09420289850976683,8.987922701406216,1
0.2561983469803975,0.11570247928146984,0.5206611567666143,0.10743801647565056,7.29338842613551,1
0.12499999994791666,0.12499999994791666,0.6458333330642361,0.10416666662326389,11.020833328741318,0
0.07971014489287964,0.12318840574354127,0.695652173610586,0.10144927531821046,11.86231883542218,0
0.10071942441695564,0.14388489202422233,0.6474820141090005,0.10791366901816675,10.696642681234064,0
0.06666666663703705,0.1407407406781893,0.6888888885827161,0.1037037036576132,11.465432093669685,0
0.14285714279591838,0.13571428565612245,0.6428571425816326,0.0785714285377551,10.69285713827449,1
0.061538461510059164,0.15384615377514793,0.6923076919881657,0.09230769226508875,11.164102558949901,0
0.21014492744486452,0.10869565212665407,0.5652173910586011,0.11594202893509765,8.944444440555555,1
0.5810810806099342,0.310810810558802,0.0,0.10810810802045287,5.4999999955405405,0
0.09848484844008264,0.151515151446281,0.6363636360743802,0.11363636358471074,9.911616157110881,0
0.35714285697278914,0.10317460312547241,0.35714285697278914,0.18253968245275892,6.280423277432602,2
0.2093023254840454,0.10852713173246799,0.558139534624121,0.12403100769424912,8.223514208061413,1
0.205882352850346,0.11764705877162628,0.5735294115116781,0.102941176425173,8.970588231336505,1
0.19424460423270015,0.12230215822058899,0.5827338126981004,0.10071942441695564,9.322541962402738,1
0.0704225351815116,0.1408450703630232,0.6971830982969648,0.09154929573596507,12.288732389173774,0
0.40579710127284185,0.09420289850976685,0.347826086805293,0.1521739129773157,7.306763281847302,2
0.08333333329545455,0.151515151446281,0.6590909087913223,0.1060606060123967,10.462121207365701,0
0.08333333329861112,0.1319444443894676,0.6874999997135417,0.09722222218171298,12.15509258752797,0
0.46902654842352576,0.14159292027880022,0.21238938041820032,0.1769911503485003,5.960176987985747,2
0.5045871556855483,0.1376146788233314,0.16513761458799767,0.19266055035266394,6.139143727507504,2
0.48571428543673467,0.13333333325714286,0.17142857133061223,0.2095238094040816,5.72222221895238,2
0.0785714285377551,0.13571428565612245,0.6857142854204081,0.09999999995714287,11.77857142352347,0
0.2809917353978553,0.1239669420872891,0.4710743799316986,0.1239669420872891,6.687327820375429,1
0.39843749981323234,0.10937499994873046,0.32812499984619137,0.16406249992309568,6.513020830280353,2
0.10218978097714317,0.16058394153551067,0.6350364960722468,0.10218978097714317,10.273722623237786,0
0.2384615383514793,0.10769230764260354,0.5307692305242603,0.12307692302011833,7.915384611731361,1
0.3511450380071091,0.12213740452421185,0.3664122135726356,0.16030534343802808,6.510178114066584,2
0.0970149253296948,0.14925373127645356,0.649253731052573,0.1044776118935175,10.3656716371497,0
0.2695652172506616,0.13913043471001887,0.4695652171463138,0.12173913037126653,6.273913040204914,1
0.22302158263754462,0.10071942441695564,0.5611510788944671,0.11510791361937786,8.989208629213291,1
0.19083969456908106,0.1297709923069751,0.5725190837072431,0.1068702289586854,8.568702286151739,1
0.4999999997,0.15999999990399996,0.11999999992799999,0.21999999986799995,5.639999996615999,2
0.2399999998848,0.12799999993855998,0.50399999975808,0.12799999993855998,7.174666663222826,1
0.39669421467932514,0.11570247928146984,0.3223140494269517,0.16528925611638548,6.089531677421169,2
0.24799999988096003,0.11199999994624,0.50399999975808,0.13599999993472,7.2199999965343995,1
0.38983050827635735,0.12711864400316,0.305084745607584,0.177966101604424,5.759887002720961,2
0.5652173909357278,0.14130434773393194,0.06521739126181475,0.22826086941635162,6.068840575752205,2
0.2836879431416931,0.09929078009959258,0.5106382976550475,0.1063829786781349,8.516548459732912,2
0.5945945941124908,0.1756756755332359,0.04054054050766983,0.18918918903579254,5.202702698484295,0
0.4193548384391259,0.16129032247658687,0.22580645146722164,0.19354838697190427,4.499999997096774,1
0.3636363634560481,0.0991735536698313,0.3719008262618674,0.1652892561163855,6.205234156702639,2
0.4722222219598765,0.12037037030349793,0.2222222220987654,0.18518518508230453,5.780864194319273,2
0.08088235290549309,0.15441176463775952,0.661764705590398,0.10294117642517302,10.855392152073604,0
0.22463768106175175,0.10869565212665407,0.5434782606332703,0.12318840574354127,8.574879223324933,1
0.5633802812140448,0.2253521124856179,0.12676056327316007,0.08450704218210671,4.6314553951471265,1
0.5697674414629529,0.17441860452947539,0.10465116271768524,0.151162790592212,5.573643406964123,1
0.26229508183821554,0.12295081961166353,0.4918032784466541,0.12295081961166353,6.931693985662008,1
0.28828828813245677,0.1351351350620891,0.459459459211103,0.11711711705381056,6.034534531272623,1
0.09859154925411624,0.13380281684487202,0.6760563377425114,0.09154929573596507,11.669014079576472,0
0.10948905104693911,0.16058394153551067,0.6350364960722468,0.09489051090734722,10.27615571326105,0
0.44799999978495997,0.11999999994239999,0.28799999986175995,0.14399999993087997,6.6413333301454935,2
0.05882352938581314,0.16176470581098615,0.6838235291100778,0.09558823525194635,11.47794117140679,0
0.4396551721863853,0.11206896545927467,0.2586206895214031,0.1896551723156956,5.968390801510603,2
0.4411764703287197,0.156862745005767,0.2058823528200692,0.19607843125720875,5.101307186541715,2
0.08391608388087438,0.14685314679153014,0.671328671046995,0.09790209786102011,11.651515146626405,0
0.47999999971199997,0.169999999898,0.14999999991,0.19999999987999997,5.363333330115334,2
0.12056737583521956,0.14184397157084655,0.6382978720688094,0.09929078009959258,10.620567371367134,0
0.21167883202408225,0.10218978097714317,0.5693430654440833,0.11678832111673504,8.974452550814108,1
0.47826086914933835,0.2608695649905482,0.1304347824952741,0.1304347824952741,3.804347822778828,2
0.43410852692987195,0.11627906971335855,0.30232558125473225,0.14728682163692083,6.7739018056348765,2
0.255639097629035,0.1052631578472497,0.5187969922471592,0.12030075182542821,7.981203003918254,1
0.44545454521157024,0.1454545453752066,0.21818181806280992,0.1909090908049587,5.566666663630303,2
0.4700854698444006,0.11111111105413105,0.23076923065088756,0.18803418793776022,6.277777774558403,2
0.19999999991111111,0.11111111106172838,0.5777777775209876,0.11111111106172838,8.966666662681481,1
0.08029197076775534,0.13868613132612287,0.6788321164910225,0.10218978097714317,11.34671532349779,0
0.5714285710204081,0.15476190465136053,0.03571428568877551,0.23809523792517007,5.718253964169501,2
0.13333333328,0.13999999994399998,0.6399999997439999,0.08666666663199998,11.362222217677331,0
0.2338709676287721,0.1209677418769511,0.5322580642585848,0.11290322575182103,7.551075265163458,1
0.2595419846139502,0.12213740452421185,0.5038167936623739,0.11450381674144862,7.624681930350017,1
0.26271186427319737,0.18644067787130134,0.432203389610744,0.11864406773628268,5.991525420682275,0
0.2999999998499999,0.1416666665958333,0.4249999997874999,0.13333333326666663,6.16944444135972,1
0.09022556386907117,0.1503759397817853,0.654135338050766,0.1052631578472497,10.412280697057115,0
0.5151515148393021,0.19191919180287723,0.12121212113865931,0.1717171716131007,5.715488212024283,2
0.26153846141775144,0.11538461533136093,0.5076923074579881,0.11538461533136093,7.643589740061932,1
0.10791366901816675,0.15107913662543346,0.6474820141090005,0.09352517981574451,10.713429251970222,0
0.2666666665333333,0.13333333326666666,0.47499999976249996,0.1249999999375,6.6027777744763885,1
0.30630630614073534,0.10810810804967129,0.3783783781738495,0.20720720709520332,5.394894891978736,0
0.2809917353978553,0.13223140489310836,0.4710743799316986,0.11570247928146984,6.690082641310702,1
0.22307692297396448,0.12307692302011833,0.5538461535905325,0.09999999995384613,8.2692307654142,1
0.1344537814448132,0.10924369742391074,0.630252100522562,0.1260504201045124,8.788515401731281,0
0.07874015744311488,0.1417322833976068,0.661417322522165,0.11811023616467232,10.111548551653337,0
0.39843749981323234,0.10937499994873046,0.32812499984619137,0.16406249992309568,6.513020830280353,2
0.09352517981574453,0.13669064742301124,0.6690647479126339,0.10071942441695565,11.24100718939237,0
0.21739130425330813,0.10869565212665407,0.586956521483932,0.08695652170132324,9.456521735018903,1
0.19298245593721142,0.22807017519852257,0.3157894733518005,0.2631578944598338,2.4532163716866724,2
0.27607361953027965,0.15337423307237757,0.4969325151545033,0.07361963187474123,9.565439669280615,0
0.2644628097862168,0.11570247928146986,0.4958677683491565,0.12396694208728913,6.949035809226373,1
0.05755395680968894,0.15107913662543349,0.6906474817162673,0.10071942441695565,11.89088728503511,0
0.39130434748582227,0.2753623186011342,0.1739130433270321,0.15942028971644612,3.272946857057341,2
0.08759124083755128,0.16058394153551067,0.6569343062816346,0.09489051090734722,10.823600968495747,0
0.25862068952140305,0.1206896551099881,0.49137931009066577,0.12931034476070152,6.566091950626733,1
0.5102040813202833,0.16326530602249062,0.12244897951686798,0.2040816325281133,5.6122448945231165,2
0.24218749988647462,0.10937499994873048,0.5390624997473145,0.10937499994873048,7.96093749626831,1
0.3875968990445286,0.108527131732468,0.3488372091400757,0.15503875961781144,6.616279066690104,2
0.09589041091949708,0.13698630131356726,0.6575342463051228,0.10958904105085379,11.493150680208293,0
0.23015873004913073,0.11904761899092971,0.5238095235600907,0.12698412692365835,7.510582007005543,1
0.25352112665344173,0.09859154925411624,0.528169013861337,0.11971830980856972,8.692488259237916,1
0.35156249983520504,0.10937499994873046,0.3749999998242187,0.16406249992309568,6.4661458303023265,2
0.5731707312879238,0.13414634136525877,0.07317073165377751,0.21951219496133254,5.467479670796153,2
0.21167883202408225,0.09489051090734722,0.5912408756534712,0.10218978097714317,9.448905105350844,1
0.0780141843639656,0.12765957441376188,0.7021276592756903,0.09219858152105025,12.310874699253054,0
0.26548672552275043,0.13274336276137522,0.47787610594095076,0.1238938052439502,6.2492625335549645,1
0.04285714283877551,0.14999999993571428,0.7071428568397959,0.09999999995714287,12.46904761370374,0
0.08275862065541022,0.1448275861469679,0.6827586204071343,0.0896551723766944,12.132183903025764,0
0.2553191488275238,0.11347517725667723,0.5319148933906745,0.0992907800995926,8.715130019932097,1
0.30088495559245043,0.1415929202788002,0.4247787608364006,0.1327433627613752,5.812684362695329,1
0.428571428367347,0.10317460312547241,0.30952380937641727,0.15873015865457296,6.621693118539936,2
0.24299065406935103,0.1495327101965237,0.4766355137514193,0.13084112142195825,5.808411211696218,1
0.11333333328800001,0.13333333328,0.659999999736,0.093333333296,11.873333328584001,0
0.5145631064963709,0.15533980573475348,0.1456310678763314,0.18446601931001977,5.907766986849843,2
0.2589285712898597,0.12499999993303573,0.4821428568845664,0.13392857135682398,6.21726190143123,1
0.06474820141090006,0.13669064742301124,0.7122302155199006,0.08633093521453342,12.454436445463314,0
0.2348484847417355,0.12121212115702476,0.5227272724896693,0.12121212115702476,7.871212117634296,1
0.25892857128985963,0.14285714278061223,0.4553571426132015,0.14285714278061223,5.883928568276466,1
0.1060606060123967,0.151515151446281,0.6363636360743802,0.1060606060123967,9.909090904586778,0
0.33749999974687495,0.22499999983124996,0.37499999971875,0.062499999953124996,4.120833330242708,2
0.2941176469105289,0.1260504201045124,0.45378151237624464,0.1260504201045124,6.429971985553515,1
0.0979020978610201,0.13986013980145728,0.6713286710469949,0.09090909087094722,11.63286712798621,0
0.06870229004486918,0.1450381678725016,0.6641221371004021,0.12213740452421187,10.517811700017289,0
0.5777777773925926,0.17777777765925926,0.033333333311111116,0.21111111097037039,6.1666666625555555,2
0.4015151513326446,0.09090909086776858,0.3636363634710743,0.1439393938739669,7.093434340210054,2
0.4854368929211047,0.12621359215948721,0.1747572814515977,0.21359223288528603,5.626213588955604,2
0.251908396831187,0.06870229004486918,0.5725190837072431,0.1068702289586854,8.894402031549637,1
0.24822695024898142,0.11347517725667722,0.5531914891263014,0.08510638294250791,9.112293140330465,0
0.085714285677551,0.14285714279591835,0.685714285420408,0.085714285677551,11.790476185423127,0
0.4862385318424375,0.12844036690177593,0.19266055035266388,0.19266055035266388,5.943425073180989,2
0.19685039360778722,0.1259842519089838,0.5669291335904272,0.11023622042036084,8.216535429189038,1
0.13013698624788891,0.1369863013135673,0.6369863011080878,0.0958904109194971,10.96575342015106,0
0.4352941173397924,0.23529411748096887,0.1411764704885813,0.18823529398477507,4.252941173468512,2
0.4015748029598859,0.11023622042036084,0.3307086612610825,0.15748031488622977,6.5104986845882165,2
0.2195121950148721,0.12195121945270672,0.5365853655919095,0.12195121945270672,7.4999999963414625,1
0.08333333329861112,0.15277777771412038,0.6666666663888889,0.09722222218171298,11.620370365528549,0
0.24576271173944264,0.1355932202700373,0.48305084721200797,0.1355932202700373,6.499999996694914,1
0.45871559607777124,0.14678899074488677,0.22018348611733016,0.17431192650955304,5.646788987717365,2
0.20689655158145065,0.16091954011890605,0.4137931031629013,0.21839080444708678,4.170498081414982,1
0.22222222211640213,0.11904761899092971,0.5476190473582766,0.11111111105820107,7.891534387776518,1
0.32857142843061227,0.09999999995714287,0.4928571426459184,0.0785714285377551,8.564285710615305,2
0.22399999989248,0.11199999994624,0.55199999973504,0.11199999994624,7.915999996200321,1
0.1538461537447168,0.09890109883588938,0.5604395600700398,0.18681318669001326,5.800366296541883,2
0.5142857139918368,0.1428571427755102,0.1428571427755102,0.19999999988571426,6.042857139404082,2
0.42519685019282033,0.11023622042036084,0.307086614028148,0.15748031488622977,6.604986873519953,2
0.1111111110648148,0.13888888883101852,0.6458333330642361,0.10416666662326389,11.03009258799672,0
0.2330827066617672,0.1278195488145175,0.5413533832144269,0.09774436085816042,8.274436086492734,1
0.24822695024898142,0.1063829786781349,0.5106382976550475,0.1347517729923042,8.268321509483929,0
0.44604316527508925,0.12230215822058899,0.3021582732508669,0.1294964028218001,7.459232610689061,2
0.4710743799316987,0.10743801647565057,0.24793388417457826,0.17355371892220478,6.555096415482322,2
0.396396396182128,0.12612612605794984,0.2702702701241782,0.20720720709520332,5.346846843956659,2
0.19999999991111114,0.11851851846584363,0.5777777775209877,0.1037037036576132,8.969135798482853,1
0.4698795177326172,0.06024096381187401,0.28915662629699523,0.180722891435622,4.71285140221561,0
0.4999999997115384,0.1249999999278846,0.173076922977071,0.20192307680658284,5.830128201764669,2
0.41999999974799995,0.14999999991,0.23999999985599998,0.18999999988599997,4.876666663740666,2
0.4237288133438667,0.12711864400316,0.279661016806952,0.16949152533754666,5.951977398103515,2
0.41984732805197833,0.11450381674144863,0.3206106868760562,0.1450381678725016,6.838422388725403,2
0.37234042529425077,0.05319148932775011,0.44680851035310093,0.12765957438660028,5.599290776567828,2
0.24545454532066116,0.1454545453752066,0.4909090906413223,0.11818181811735537,6.1666666633030305,1
0.345794392329461,0.14953271019652367,0.3364485979421783,0.16822429897108915,5.0545171311220765,0
0.055555555529100534,0.15079365072184428,0.6904761901473923,0.1031746031254724,10.777777772645502,0
0.22302158263754462,0.10071942441695564,0.5611510788944671,0.11510791361937786,8.989208629213291,1
0.11409395968559975,0.1476510066519526,0.6442953017539751,0.09395973150578804,11.3926174450768,0
0.4999999997,0.11999999992799999,0.20999999987399998,0.169999999898,5.623333329959333,2
0.24615384604023668,0.11538461533136095,0.5076923074579882,0.13076923070887575,7.556410252922682,1
0.19548872171632087,0.10526315784724971,0.5864661651489627,0.11278195483633897,8.998746863108336,1
0.07751937980890572,0.14728682163692083,0.6744186043374797,0.10077519375157742,10.593023250886965,0
0.3499999997375,0.17499999986875,0.22499999983124996,0.24999999981249998,3.5499999973375003,0
0.2605633801715929,0.09859154925411624,0.528169013861337,0.11267605629041855,8.73943661602559,1
0.21014492744486452,0.10869565212665407,0.5652173910586011,0.11594202893509765,8.944444440555555,1
0.2121212120247934,0.1060606060123967,0.5909090906404958,0.09090909086776859,9.101010096873276,1
0.5151515148393021,0.15151515142332414,0.12121212113865931,0.2121212119926538,5.742424238943985,2
0.0431654676072667,0.14388489202422233,0.7122302155199005,0.10071942441695564,12.509592320739264,0
0.23943661961713944,0.11267605629041855,0.5492957744157905,0.09859154925411624,9.028169010269787,1
0.30120481905937,0.2168674697227464,0.3253012045841196,0.15662650591087238,3.708835338684376,2
0.228813559205688,0.11864406773628268,0.5338983048132719,0.11864406773628268,7.189265533067603,1
0.23684210513850415,0.13157894729916897,0.49999999973684206,0.13157894729916897,6.473684207119113,1
0.2187499998974609,0.11718749994506834,0.562499999736328,0.10156249995239255,8.283854162783609,1
0.062499999970703116,0.1562499999267578,0.6796874996813964,0.10156249995239255,10.679687494993896,0
0.10738255029232917,0.13422818786541146,0.6644295299337868,0.09395973150578804,11.916107377751905,0
0.057142857118367335,0.14285714279591835,0.7071428568397958,0.09285714281734692,12.4214285661051,0
0.2677165353065906,0.10236220467604934,0.5196850391245582,0.11023622042036084,7.7125984215531025,1
0.4358974356738988,0.13675213668200747,0.256410256278764,0.17094017085250934,5.921652418615678,2
0.3730158728382464,0.11904761899092971,0.3333333331746032,0.1746031745200302,6.193121690172587,2
0.5436893200716373,0.1456310678763314,0.08737864072579885,0.22330097074370817,6.4255663392990225,2
0.2040816325697626,0.10884353737054006,0.5714285711953353,0.11564625845619883,9.638321991530844,1
0.22900763348289724,0.10687022895868538,0.5496183203589534,0.11450381674144862,8.276081421145815,1
0.0781249999633789,0.140624999934082,0.6796874996813964,0.10156249995239255,10.627604161684976,0
0.21093749990112304,0.11718749994506836,0.5624999997363281,0.10937499994873048,8.247395829467367,1
0.30597014911672976,0.14179104471263088,0.4925373132122967,0.05970149251058142,8.037313429237024,1
0.23931623919351305,0.14529914522463291,0.4871794869296515,0.12820512813938198,6.4772079738863315,1
0.24817518237306194,0.10948905104693908,0.5255474450253076,0.11678832111673502,8.29805352434635,1
0.09774436085816043,0.15789473677087457,0.6541353380507661,0.09022556386907118,10.429824556698325,0
0.11594202893509768,0.1304347825519849,0.6521739127599244,0.10144927531821048,10.71980675862424,0
0.10067114089905858,0.13422818786541146,0.6644295299337867,0.10067114089905858,11.913870241287478,0
0.46846846821524224,0.11711711705381056,0.21621621609934258,0.198198198091064,5.905405402213294,2
0.42741935463189384,0.12096774187695108,0.2661290321292924,0.18548387087799167,6.252688169017516,2
0.08955223876587214,0.14179104471263088,0.671641790744041,0.0970149253296948,10.912935318496695,0
0.45999999972399996,0.12999999992199998,0.20999999987399998,0.19999999987999997,5.209999996874,2
0.2499999998828125,0.13281249993774416,0.4921874997692871,0.12499999994140625,7.210937496619873,1
0.21167883202408225,0.13868613132612287,0.5693430654440833,0.08029197076775534,9.010948901163088,0
0.255639097629035,0.1052631578472497,0.5187969922471592,0.12030075182542821,7.981203003918254,1
0.11333333328800001,0.13333333328,0.659999999736,0.093333333296,11.873333328584001,0
0.24137931021997625,0.14655172406212844,0.5172413790428062,0.0948275861578478,6.887931030920036,1
0.12328767118221053,0.13698630131356726,0.6369863011080877,0.10273972598517545,10.956621000063487,0
0.06428571425816326,0.13571428565612245,0.7071428568397959,0.09285714281734693,12.39523808992585,0
0.21599999989632002,0.10399999995008,0.55199999973504,0.12799999993855998,7.886666662881066,1
0.1616161615182124,0.10101010094888277,0.6060606056932966,0.13131313123354757,6.9444444402356895,1
0.14893617014938887,0.13475177299230423,0.6170212763331825,0.0992907800995926,10.126477537062021,0
0.2499999998828125,0.10937499994873048,0.5156249997583008,0.12499999994140625,7.59374999644043,1
0.1006711408990586,0.12751677847214088,0.6644295299337868,0.10738255029232917,11.904921695429787,0
0.22068965508109395,0.10344827581926279,0.5586206894240191,0.11724137926183116,9.309195398446771,1
0.2583333332041667,0.11666666660833333,0.49999999975,0.1249999999375,6.919444440984722,1
0.23728813547256536,0.11864406773628268,0.50847457601264,0.1355932202700373,6.830508471103131,1
0.1805555554803241,0.11805555550636576,0.5833333330902778,0.11805555550636576,9.618055551548032,1
0.40799999980416,0.12799999993855998,0.28799999986176,0.17599999991551998,6.182666663698987,2
0.04411764703935986,0.14705882346453286,0.7058823526297577,0.102941176425173,12.068627445655997,0
0.11724137926183115,0.13103448270439952,0.6413793100794292,0.11034482754054695,10.982758616145063,0
0.17293233074905306,0.12030075182542821,0.6090225561162304,0.09774436085816042,9.417293228834302,1
0.11409395968559975,0.12751677847214088,0.6644295299337868,0.09395973150578804,11.909395968358634,0
0.5742574254014312,0.1287128712106656,0.08910891083815313,0.20792079195569063,6.691419137939089,2
0.5384615381508875,0.13461538453772187,0.14423076914755914,0.18269230758690824,6.278846150223742,2
0.0780141843639656,0.1347517729923042,0.6808510635400633,0.1063829786781349,11.729314415812583,0
0.2857142855853921,0.11278195483633897,0.4736842103126237,0.12781954881451751,7.427318292388679,0
0.36641221357263565,0.12213740452421187,0.36641221357263565,0.1450381678725016,6.647582694156323,2
0.45454545429752063,0.10909090903140493,0.2454545453206611,0.19090909080495863,5.778787875635811,2
0.4299065418150057,0.10280373826011005,0.3084112147803302,0.15887850458380645,5.630841118337846,1
0.2666666665333334,0.14166666659583335,0.47499999976250007,0.11666666660833336,6.608333330029168,1
0.40163934406476753,0.10655737699677506,0.3442622949126579,0.14754098353399625,6.363387975012541,2
0.11888111883123868,0.14685314679153014,0.6293706291065577,0.10489510485109295,10.553613049184964,0
0.474137930789239,0.13793103441141497,0.20689655161712248,0.18103448266498218,6.1752873531277235,2
0.4745762709451307,0.11016949146940533,0.25423728800632,0.16101694907066932,6.449152539093651,2
0.559999999552,0.13333333322666666,0.07999999993599999,0.22666666648533332,4.864444440552889,2
0.09448818893173787,0.10236220467604935,0.6614173225221651,0.1417322833976068,10.095800520164714,2
0.19607843114186851,0.15686274491349478,0.4705882347404844,0.17647058802768165,2.683006532791234,2
0.086666666632,0.153333333272,0.659999999736,0.09999999996,11.915555550789334,0
0.4220183483915495,0.13761467882333137,0.24770642188199643,0.19266055035266388,5.368501526096849,2
0.41592920331897565,0.14159292027880022,0.26548672552275043,0.1769911503485003,5.553097342184197,2
0.1456953641805184,0.1456953641805184,0.6158940394903732,0.092715231751239,10.83112582351081,0
0.062499999973958324,0.15972222215567128,0.6666666663888887,0.11111111106481479,11.668981476619402,0
0.04651162788534343,0.162790697598702,0.6744186043374797,0.11627906971335857,10.686046506657652,0
0.4214285712479591,0.10714285709693876,0.3857142855489795,0.085714285677551,8.054761901309863,0
0.49523809495510196,0.13333333325714286,0.17142857133061223,0.19999999988571426,5.817460314136053,2
0.3021582732508669,0.12230215822058899,0.4748201436799337,0.10071942441695564,7.919664265166572,1
0.21249999984062498,0.16249999987812497,0.37499999971875,0.24999999981249998,3.662499997253125,0
0.21830985906268596,0.1056338027722674,0.570422534970244,0.1056338027722674,9.356807507783508,1
0.24786324773613852,0.14529914522463294,0.48717948692965163,0.11965811959675654,6.517094013751918,1
0.31343283568055247,0.05223880594675875,0.4925373132122967,0.14179104471263088,8.121890543627014,1
0.06521739127599245,0.1594202897857593,0.6739130431852552,0.10144927531821048,11.364734294575719,0
0.2318840578701953,0.11594202893509765,0.5434782606332703,0.10869565212665407,8.611111107367151,1
0.12962962955761317,0.1111111110493827,0.6388888885339505,0.12037037030349793,8.132716044864539,0
0.4444444441975308,0.12962962955761317,0.2222222220987654,0.20370370359053497,5.4938271574417,2
0.10447761189351748,0.13432835814880817,0.6492537310525729,0.11194029845734015,10.34079601527029,0
0.16521739121814744,0.1739130433875236,0.573913043178828,0.0869565216937618,7.56086956127259,1
0.09929078009959258,0.14184397157084655,0.6595744678044364,0.09929078009959258,11.159574463336352,0
0.19548872171632087,0.12781954881451751,0.5639097741816949,0.11278195483633897,8.54010024677389,1
0.5851063826052512,0.14893617011770033,0.03191489359665007,0.23404255304210048,6.585106378775463,2
0.22962962952757202,0.11111111106172838,0.5333333330962963,0.12592592586995885,8.220987650667215,1
0.1006711408990586,0.14093959725868205,0.6644295299337868,0.09395973150578804,11.927293060074023,0
0.2583333332041667,0.11666666660833333,0.49999999975,0.1249999999375,6.919444440984722,1
0.2743362830401754,0.1415929202788002,0.45132743338867565,0.1327433627613752,5.963126840491554,0
0.26515151503099177,0.12878787872933886,0.49999999977272735,0.10606060601239671,7.659090905609505,1
0.06015037591271412,0.13533834580360676,0.6992481199853017,0.10526315784724971,11.570175433376864,0
0.09022556386907118,0.14285714279269604,0.6541353380507661,0.11278195483633897,10.39974936874197,0
0.4326923074426775,0.15384615375739644,0.23076923063609467,0.18269230758690827,5.15705127907606,2
0.14093959725868205,0.1476510066519526,0.6241610735741633,0.08724832211251744,10.898210286439198,0
0.11764705877162628,0.14705882346453286,0.639705882070718,0.09558823525194635,10.286764701344074,0
0.24590163922332703,0.139344262226552,0.49180327844665406,0.12295081961166351,6.849726772587566,1
0.3928571424362245,0.23214285689413264,0.16071428554209186,0.21428571405612246,2.6130952352954933,0
0.0780141843639656,0.1631205673064735,0.6595744678044364,0.09929078009959258,11.223404250543233,0
0.43846153825917156,0.11538461533136093,0.27692307679526623,0.1692307691526627,6.735897432788559,2
0.45192307666235204,0.14423076914755917,0.20192307680658284,0.20192307680658284,5.314102561036735,2
0.32407407389403287,0.07407407403292181,0.4722222219598765,0.12962962955761317,6.305555552052469,1
0.24806201538849826,0.12403100769424913,0.5116279067387777,0.11627906971335857,7.5723514176666065,1
0.08843537411356378,0.13605442171317506,0.6734693874802166,0.10204081628488129,12.012471650425748,0
0.05223880594675874,0.1567164178402762,0.6940298504355089,0.09701492532969479,11.577114422676912,0
0.412587412414299,0.09090909087094723,0.3356643355234975,0.1608391607716759,7.5559440527737305,2
0.2521008402090248,0.10924369742391074,0.5294117644389521,0.10924369742391074,7.292717083157734,1
0.23148148135288066,0.1388888888117284,0.4999999997222222,0.12962962955761317,6.114197527467422,1
0.11034482754054695,0.13793103442568372,0.6620689652432817,0.0896551723766944,11.541379305569084,0
0.07692307688757397,0.1615384614639053,0.6461538458556212,0.11538461533136093,10.028205123576724,0
0.09722222218171296,0.15277777771412035,0.6458333330642361,0.10416666662326389,11.057870365762923,0
0.2711864405400747,0.1186440677362827,0.4830508472120081,0.12711864400316003,6.629943499453701,1
0.0781249999633789,0.13281249993774416,0.6796874996813965,0.10937499994873048,10.617187495023195,0
0.2678571427136479,0.13392857135682396,0.48214285688456626,0.11607142850924743,6.264880949024765,1
0.47619047573696144,0.17460317443688583,0.047619047573696144,0.30158730130007555,3.6798941763895185,0
0.11333333328800001,0.12666666661599998,0.659999999736,0.09999999996,11.862222217477333,0
0.37234042529425077,0.1914893615799004,0.22340425517655046,0.21276595731100045,4.237588649777425,1
0.5204081629466889,0.13265306114327363,0.12244897951686798,0.22448979578092462,5.7789115610877415,2
0.22399999989247998,0.11999999994239999,0.5279999997465599,0.12799999993855998,7.494666663069226,1
0.5116279066197945,0.13953488362358032,0.10465116271768524,0.24418604634126556,5.0426356553966105,2
0.5277777774845679,0.12962962955761317,0.1388888888117284,0.20370370359053497,6.410493823599108,2
0.3880597013187792,0.11194029845734017,0.35820895506348854,0.14179104471263088,6.957711439670676,2
0.4473684208171745,0.13157894729916897,0.23684210513850415,0.18421052621883655,5.842105260083102,2
0.4504504502069637,0.14414414406622839,0.2432432431117604,0.16216216207450693,5.719219216127751,2
0.5999999996,0.15555555545185185,0.03333333331111111,0.21111111097037036,6.448148143849382,2
0.4601769909061007,0.14159292027880022,0.21238938041820032,0.1858407078659253,5.865781707799879,2
0.37593984945446324,0.09774436085816042,0.3609022554762847,0.1654135337599638,6.838345861576686,2
0.23913043467863893,0.10869565212665407,0.5652173910586011,0.08695652170132324,9.10869564821361,1
0.2561983469803975,0.13223140489310836,0.4710743799316986,0.14049586769892766,6.549586773611774,1
0.23636363623471074,0.1454545453752066,0.4909090906413223,0.1272727272033058,6.127272723930579,1
0.5376344082552896,0.15053763431148107,0.06451612899063475,0.2473118277974332,5.844086017734997,2
0.39694656470368855,0.09923664117592214,0.3435114502243459,0.1603053434380281,6.792620862028824,2
0.4029850744464246,0.0970149253296948,0.3358208953720205,0.1641791044040989,6.9577114396706765,2
0.1313868612563269,0.14598540139591878,0.6350364960722467,0.08759124083755127,10.263990263144722,0
0.24369747886872395,0.1260504201045124,0.5042016804180496,0.1260504201045124,6.850140052568556,1
0.08571428567755102,0.12857142851632652,0.6857142854204081,0.09999999995714287,11.761904756863945,0
0.0979020978610201,0.13986013980145728,0.6713286710469949,0.09090909087094722,11.63286712798621,0
0.2830188678177287,0.07547169808472766,0.5471698111142755,0.09433962260590957,10.44339622247419,0
0.2539682538473167,0.11904761899092971,0.5238095235600907,0.1031746031254724,7.637566133929202,1
0.2452830187290851,0.13207547162335354,0.48113207519935924,0.14150943388216447,5.814465405513825,1
0.08759124083755128,0.13868613132612287,0.6788321164910225,0.09489051090734722,11.341849143451258,0
0.27522935764666273,0.12844036690177593,0.4678899079993266,0.12844036690177593,5.952599385102544,1
0.0781249999633789,0.1484374999304199,0.6562499996923828,0.11718749994506836,10.080729161941326,0
0.2948717947583826,0.04487179485453648,0.5576923074778105,0.10256410252465481,10.673076918971892,0
0.10810810806428048,0.1351351350803506,0.6486486483856829,0.10810810806428048,11.405405400781593,0
0.06944444441550926,0.13888888883101852,0.6874999997135417,0.10416666662326389,12.182870365294175,0
0.0958904109194971,0.13013698624788891,0.678082191502158,0.0958904109194971,12.047945200528241,0
0.10791366901816675,0.14388489202422233,0.6474820141090005,0.10071942441695564,10.696642681234064,0
0.4897959180674719,0.15306122439608497,0.15306122439608497,0.2040816325281133,5.363945574947245,2
0.35922330076161746,0.18446601931001977,0.2912621357526628,0.16504854359317558,4.7233009681223495,2
0.2558139533693888,0.10852713173246799,0.5116279067387776,0.12403100769424912,7.618863045551948,1
0.5416666663281251,0.13541666658203128,0.12499999992187502,0.19791666654296877,5.864583329667969,2
0.6105263154038781,0.1263157893939058,0.03157894734847645,0.23157894722216066,7.019298241180794,2
0.24060150365085647,0.11278195483633897,0.5187969922471592,0.12781954881451751,7.893483705712213,1
0.09154929573596508,0.14788732388117437,0.654929577188058,0.10563380277226742,11.131455394357603,0
0.36799999982336,0.11199999994624,0.33599999983872003,0.18399999991168,6.139999997052801,2
0.11111111105413106,0.1794871793951348,0.5897435894411572,0.11965811959675654,7.9301994261326625,1
0.21311475399355012,0.12295081961166353,0.5409836062913196,0.12295081961166353,7.489071034568217,1
0.12592592586995885,0.14814814808230453,0.622222221945679,0.10370370365761317,9.803703699346501,0
0.5918367343315285,0.1428571427696793,0.06122448975843399,0.2040816325281133,6.795918363186172,2
0.2295081966084386,0.13934426222655202,0.5163934423689869,0.1147540983042193,7.155737701398818,1
0.31292516994030267,0.08163265302790504,0.551020407938359,0.054421768685270024,10.073696141013004,0
0.4722222219598765,0.12962962955761317,0.2222222220987654,0.17592592582818928,5.7623456758110425,2
0.2518518517399177,0.10370370365761317,0.5333333330962963,0.11111111106172838,8.346913576537176,1
0.21897810209387822,0.10948905104693911,0.5693430654440833,0.10218978097714317,9.008515811139823,1
0.38983050827635735,0.12711864400316,0.305084745607584,0.177966101604424,5.759887002720961,2
0.07031249996704102,0.1640624999230957,0.6562499996923828,0.10937499994873048,10.122395828588461,0
0.2517482516426231,0.11188811184116582,0.5454545452256834,0.09090909087094723,9.096736592919784,1
0.61956521698724,0.1521739129442344,0.03260869563090737,0.19565217378544422,6.844202894087113,2
0.2711864405400747,0.12711864400316003,0.4830508472120081,0.1186440677362827,6.629943499453701,1
0.2179487178648915,0.12179487174802758,0.519230769031065,0.14102564097140036,9.14743589391765,2
0.5411764702062283,0.15294117636262972,0.07058823524429064,0.23529411748096885,5.335294113880968,2
0.11538461533136095,0.14615384608639054,0.6461538458556213,0.09230769226508877,9.982051277444182,0
0.3152173910987712,0.20652173899574666,0.39130434757088844,0.08695652168241964,4.641304344799148,2
0.09848484844008264,0.14393939387396693,0.6590909087913223,0.09848484844008264,10.43939393464876,0
0.44999999977500005,0.1333333332666667,0.22499999988750002,0.19166666657083337,6.15277777470139,2
0.4134615382230029,0.11538461531804732,0.25961538446560645,0.21153846141642008,5.137820509856384,2
0.42276422743605,0.12195121945270673,0.29268292668649615,0.16260162593694233,6.266937666319652,2
0.5876288656158996,0.15463917516207884,0.06185567006483154,0.1958762885386332,6.651202745026746,2
0.11842105258483378,0.13157894731648198,0.6513157892165858,0.09868421048736148,11.787280697101512,0
0.47008546984440064,0.1025641025115056,0.256410256278764,0.17094017085250934,6.366096862832202,2
0.4285714282653061,0.14285714275510203,0.24999999982142856,0.17857142844387755,4.1785714255867346,1
0.37974683515462265,0.20253164541579874,0.3037974681236981,0.1139240505463868,3.8248945118629494,0
0.4330708659371319,0.11811023616467234,0.2834645667952136,0.16535433063054128,6.544619419480233,2
0.1060606060123967,0.151515151446281,0.6363636360743802,0.1060606060123967,9.909090904586778,0
0.3275862065576694,0.24137931009512487,0.20689655151010702,0.2241379308026159,2.499999997413793,0
0.27343749987182614,0.11718749994506836,0.4921874997692871,0.11718749994506836,7.348958329888509,1
0.24799999988095997,0.10399999995007998,0.5279999997465599,0.11999999994239999,7.614666663011626,1
0.2886597936358805,0.17525773185035604,0.37113402038898924,0.16494845350621742,4.510309275560633,2
0.25581395336938884,0.11627906971335857,0.5116279067387777,0.11627906971335857,7.616279066224987,1
0.24778761048790035,0.1327433627613752,0.47787610594095065,0.1415929202788002,6.166666663392329,1
0.1824817517448985,0.08759124083755127,0.6131386858628589,0.11678832111673502,9.830900239003498,1
0.42399999979647995,0.11999999994239999,0.28799999986175995,0.16799999991936,6.361333330279893,2
0.3777777772740741,0.35555555508148146,0.06666666657777778,0.19999999973333332,2.3518518487160494,2
0.5357142853316326,0.17857142844387755,0.03571428568877551,0.24999999982142856,5.357142853316326,2
0.04225352110890697,0.15492957739932553,0.6971830982969649,0.10563380277226742,12.377934267070357,0
0.11194029845734017,0.1343283581488082,0.649253731052573,0.1044776118935175,10.340796015270291,0
0.15277777771412038,0.14583333327256945,0.6041666664149307,0.09722222218171298,10.057870366179591,2
0.08029197076775534,0.15328467146571476,0.6569343062816346,0.10948905104693911,10.81143551837942,0
0.4659090905914256,0.15909090898243802,0.23863636347365702,0.13636363627066114,4.6628787846995525,1
0.5121951215764425,0.17073170719214753,0.07317073165377751,0.24390243884592502,4.869918695623637,2
0.22222222211640213,0.11904761899092971,0.5476190473582766,0.11111111105820107,7.891534387776518,1
0.1347517729923042,0.1347517729923042,0.6170212763331824,0.11347517725667722,10.102836875133544,0
0.379844961063638,0.1162790697133586,0.34883720914007577,0.15503875961781147,6.52583979024638,2
0.21311475399355012,0.09836065568933083,0.5655737702136523,0.12295081961166353,7.931693985170207,1
0.09999999995714284,0.14285714279591835,0.6642857140010203,0.09285714281734692,11.207142852339794,0
0.39830508454323466,0.11016949146940533,0.305084745607584,0.18644067787130134,5.872881352945991,2
0.5647058819543251,0.16470588223667817,0.14117647048858128,0.12941176461453285,5.4215686236239895,2
0.20769230759644972,0.12307692302011834,0.5538461535905326,0.11538461533136095,8.197435893652466,1
0.10344827581926277,0.13793103442568372,0.6620689652432817,0.09655172409797859,11.53678160442156,0
0.11510791361937787,0.15107913662543349,0.6474820141090006,0.08633093521453342,10.720623496571434,0
0.08333333329861109,0.1388888888310185,0.6666666663888887,0.11111111106481479,11.592592587762342,0
0.2711864405400746,0.11016949146940533,0.48305084721200797,0.1355932202700373,6.635593216964952,1
0.06766917290180338,0.14285714279269604,0.6992481199853017,0.09022556386907118,11.572681699039894,0
0.5243902435187389,0.17073170719214753,0.10975609748066627,0.19512195107674002,4.841463411091612,1
0.13131313123354757,0.11111111104377103,0.6363636359779614,0.12121212113865931,7.412457907965514,1
0.12408759118653097,0.14598540139591878,0.6350364960722467,0.09489051090734721,10.251824813028396,0
0.10447761189351748,0.14925373127645353,0.6268656713611048,0.11940298502116282,9.835820891118289,0
0.2413793100951248,0.31034482726516044,0.20689655151010697,0.2413793100951248,2.471264365259611,1
0.06666666663703702,0.1481481480823045,0.6888888885827159,0.09629629625349792,11.48024690847791,0
0.3793103446313912,0.0948275861578478,0.36206896532996435,0.1637931033635553,6.008620686547265,2
0.2678571427136479,0.13392857135682396,0.4553571426132015,0.14285714278061223,5.925595234920811,1
0.40495867748514447,0.12396694208728913,0.2975206610094939,0.17355371892220478,6.00964187029825,2
0.3846153844378698,0.10769230764260354,0.369230769060355,0.13846153839763312,6.82564102249073,2
0.44537815103594375,0.11764705876421155,0.25210084020902473,0.18487394948661814,6.147058820430054,2
0.39199999981183997,0.1199999999424,0.33599999983872003,0.15199999992704,6.3346666636260265,2
0.22222222213507625,0.09150326793797257,0.568627450757401,0.1176470587773933,10.07080609626853,0
0.3664122135726356,0.10687022895868538,0.34351145022434587,0.1832061067863178,6.489821879979216,2
0.11486486481829802,0.1283783783263331,0.6689189186477356,0.0878378378022279,11.95945945461103,0
0.3999999996,0.24999999974999998,0.1999999998,0.14999999984999998,2.84999999715,1
0.4552845526234384,0.13008130074955382,0.24390243890541344,0.17073170723378941,6.4132791296629,2
0.1428571427696793,0.13265306114327363,0.6122448975843399,0.11224489789046231,6.948979587582257,0
0.3636363634380165,0.19090909080495863,0.2999999998363636,0.14545454537520658,5.130303027504683,0
0.09859154925411624,0.12676056332672087,0.6760563377425114,0.09859154925411624,11.657276990379554,0
0.34615384575443786,0.28846153812869824,0.17307692287721893,0.19230769208579881,2.339743587043886,1
0.26229508183821554,0.12295081961166353,0.4918032784466541,0.12295081961166353,6.931693985662008,1
0.45614035039704515,0.2456140348291782,0.10526315778393351,0.19298245593721142,3.0087719266574324,1
0.5730337074788536,0.1685393257290746,0.03370786514581492,0.22471910097209946,6.058052430372847,2
0.386554621653838,0.11764705876421158,0.32773109227173225,0.16806722680601655,5.928571425582233,2
0.22556390967267795,0.09774436085816043,0.5639097741816949,0.11278195483633897,8.670426061251437,1
0.2677165353065906,0.1259842519089838,0.49606299189162373,0.11023622042036084,7.318897634337528,1
0.3416666664958334,0.11666666660833336,0.3499999998250001,0.19166666657083337,5.791666663770834,2
0.11111111106172841,0.1407407406781893,0.6444444441580248,0.1037037036576132,10.30987653862771,0
0.4999999997272727,0.1272727272033058,0.1909090908049587,0.18181818171900826,6.154545451188429,2
0.47008546984440064,0.1025641025115056,0.256410256278764,0.17094017085250934,6.366096862832202,2
0.21951219501487212,0.1056910568590125,0.560975609482451,0.11382113815585963,7.93360433217331,2
0.4864864862235208,0.12612612605794984,0.21621621609934258,0.1711711710786462,6.0795795762933205,2
0.38135593200948,0.12711864400316,0.305084745607584,0.18644067787130134,5.692090392585942,2
0.20300751870541012,0.11278195483633896,0.5864661651489625,0.09774436085816042,9.03132831672772,1
0.13333333328,0.13333333328,0.639999999744,0.093333333296,11.346666662128001,0
0.0708661416988034,0.15748031488622977,0.661417322522165,0.11023622042036084,10.148293958460124,0
0.24166666654583335,0.11666666660833336,0.47499999976250007,0.16666666658333337,6.508333330079168,1
0.19811320743503025,0.14150943388216444,0.509433961975792,0.1509433961409754,6.034591191552746,0
0.48571428543673467,0.13333333325714286,0.2571428569959184,0.12380952373877549,5.865079361727891,1
0.418032786679656,0.10655737699677506,0.3196721309903252,0.15573770484144048,6.355191253705097,2
0.28813559307382935,0.101694915202528,0.457627118411376,0.152542372803792,6.4124293752705155,1
0.05109489048857158,0.1459854013959188,0.7007299267004102,0.10218978097714317,11.996350359709629,0
0.5196078428316032,0.13725490188004613,0.14705882344290658,0.19607843125720875,5.931372545530565,2
0.24271844646055235,0.11650485430106512,0.4951456307795268,0.1456310678763314,5.817152100171238,1
0.39999999968000005,0.14666666654933333,0.27999999977600004,0.17333333319466668,3.624444441544889,1
0.46226415068173726,0.14150943388216447,0.19811320743503028,0.19811320743503028,5.515723267318144,2
0.43636363612561985,0.1363636362892562,0.24545454532066116,0.18181818171900826,5.542424239401102,2
0.43801652870842156,0.10743801647565056,0.27272727259203605,0.18181818172802403,6.26859503821392,2
0.09022556386907117,0.15789473677087454,0.654135338050766,0.09774436085816042,10.429824556698325,0
0.5777777773925925,0.15555555545185185,0.06666666662222222,0.19999999986666667,6.037037033012345,0
0.20370370359053497,0.17592592582818928,0.4999999997222222,0.12037037030349793,6.064814811445473,1
0.2666666665333333,0.13333333326666666,0.49999999975,0.09999999995,6.977777774288889,1
0.3859649120775623,0.11403508765927976,0.3157894735180055,0.18421052621883655,5.61695906137119,2
0.519230768931213,0.1249999999278846,0.173076922977071,0.18269230758690827,6.04166666318109,2
0.26399999987327993,0.13599999993471998,0.47999999976959995,0.11999999994239999,6.937333330003413,1
0.2551020406601416,0.15306122439608494,0.4285714283090378,0.1632653060224906,4.880952377964041,1
0.5324675320526226,0.20779220763029174,0.11688311679203911,0.1428571427458256,4.629870126262439,0
0.24999999987903224,0.11290322575182102,0.5080645158831946,0.12903225800208115,7.233870964241675,1
0.43396226390530435,0.12264150936454252,0.3962264148700605,0.04716981129405482,6.405660373732644,0
0.06766917290180337,0.15789473677087454,0.6766917290180338,0.09774436085816042,11.016290721847287,0
0.2580645160041623,0.12903225800208115,0.5080645158831946,0.10483870962669092,7.282258060992455,1
0.3951612901313736,0.10483870962669095,0.3387096772554631,0.16129032250260147,6.362903222727628,2
0.06870229004486918,0.1450381678725016,0.6870229004486919,0.09923664117592214,11.082697195941767,0
0.44531249979125975,0.11718749994506836,0.28124999986816407,0.1562499999267578,6.731770830177815,2
0.10884353737054005,0.13605442171317506,0.6530612242232403,0.10204081628488129,11.44784580031607,0
0.4242424238567493,0.1666666665151515,0.09090909082644627,0.31818181789256195,3.4898989867263546,1
0.40799999980416,0.1199999999424,0.31199999985024,0.15999999992320002,6.3293333302952535,2
0.09629629625349793,0.14074074067818929,0.6666666663703703,0.09629629625349793,10.862962958134979,0
0.26229508183821554,0.12295081961166353,0.4918032784466541,0.12295081961166353,6.931693985662008,1
0.23423423410762115,0.12612612605794987,0.5135135132359387,0.12612612605794987,6.48198197847821,1
0.49523809495510196,0.12380952373877549,0.19999999988571426,0.18095238084897958,5.8333333299999985,2
0.356164383268906,0.19178082176018016,0.24657534226308875,0.2054794518859073,3.2442922347763803,2
0.06399999996927999,0.16799999991936002,0.6719999996774401,0.09599999995392,10.273333328402133,0
0.3451327431795755,0.12389380524395018,0.4247787608364006,0.10619469020910015,6.143067843345863,2
0.08955223876587212,0.14925373127645353,0.6492537310525729,0.11194029845734015,10.370646761525581,0
0.40298507444642456,0.10447761189351748,0.3582089550634885,0.13432835814880817,7.139303479390361,2
0.24242424231404958,0.11363636358471074,0.5454545452066115,0.09848484844008264,8.335858582069559,1
0.23571428561326532,0.11428571423673468,0.5571428569040816,0.09285714281734693,9.045238091361565,1
0.19999999992258063,0.14193548381602494,0.5806451610655566,0.07741935480874089,10.418279565859589,0
0.05797101446754883,0.1666666665942029,0.6739130431852551,0.10144927531821046,11.398550719681788,0
0.5043478258238185,0.11304347820189035,0.18260869555689982,0.1999999998956522,6.526086953116824,2
0.2347826085731569,0.12173913037126653,0.4956521736544423,0.14782608687939508,6.468115938654317,1
0.23529411754325255,0.1397058822913062,0.5073529409526384,0.11764705877162628,7.845588231832828,1
0.3870967740062435,0.07258064512617064,0.41129032238163366,0.12903225800208115,7.045698921321973,0
0.22556390967267795,0.09774436085816043,0.5639097741816949,0.11278195483633897,8.670426061251437,1
0.41599999980032,0.11199999994624,0.31199999985024,0.15999999992320002,6.42799999691456,2
0.20833333322916664,0.13333333326666663,0.5249999997374999,0.13333333326666663,7.091666663120832,1
0.2818181816644628,0.1272727272033058,0.4636363633834711,0.1272727272033058,5.990909087641323,1
0.1111111110648148,0.11805555550636575,0.6666666663888888,0.10416666662326389,11.557870365554589,0
0.37404580135539883,0.09923664117592214,0.36641221357263565,0.1603053434380281,6.762086510897771,2
0.2416666665458333,0.1249999999375,0.49999999975,0.13333333326666666,6.836111107693054,1
0.06666666663703705,0.1407407406781893,0.6888888885827161,0.1037037036576132,11.465432093669685,0
0.1319444443894676,0.1319444443894676,0.6458333330642361,0.09027777774016203,11.041666662065971,0
0.2340425530918968,0.11347517725667723,0.5319148933906745,0.12056737583521958,8.580378246939793,1
0.23770491791588283,0.13114754091910777,0.4918032784466541,0.13934426222655202,6.81147540648616,1
0.14705882346453286,0.1397058822913062,0.617647058551038,0.09558823525194635,9.786764701564662,0
0.1964285713233418,0.1785714284757653,0.5357142854272958,0.08928571423788265,6.821428567774233,0
0.4285714283553421,0.10084033608360991,0.3025210082508297,0.16806722680601655,6.219887952045995,2
0.248175182373062,0.124087591186531,0.5255474450253077,0.10218978097714317,8.302919704392883,1
0.3769230767491124,0.11538461533136095,0.3461538459940829,0.16153846146390533,6.52820512519211,2
0.44094488168144336,0.10236220467604934,0.2834645667952136,0.17322834637485274,6.673228343303988,2
0.5729166663085938,0.13541666658203128,0.09374999994140627,0.19791666654296877,6.3124999960546875,2
0.40151515133264465,0.09848484844008264,0.3409090907541322,0.15909090901859504,6.8737373706129485,2
0.11999999995199997,0.13333333328,0.6599999997359999,0.08666666663199998,11.882222217469332,0
0.46739130404300566,0.1413043477339319,0.16304347815453685,0.2282608694163516,4.862318837408632,2
0.10791366901816675,0.14388489202422233,0.6474820141090005,0.10071942441695564,10.696642681234064,0
0.13380281684487205,0.1267605633267209,0.6338028166336045,0.10563380277226742,10.57511736642366,0
0.27131782933117,0.06976744182801514,0.5348837206814494,0.12403100769424913,8.16925064219518,2
0.22556390967267792,0.13533834580360674,0.5187969922471592,0.12030075182542821,7.82080200148435,1
0.08391608388087438,0.12587412582131155,0.6923076920172135,0.09790209786102011,12.196969691852086,0
0.2276422763117192,0.1138211381558596,0.5365853655919095,0.12195121945270672,7.5352303486278,1
0.263157894598338,0.1403508771191136,0.47368421027700836,0.1228070174792244,6.239766078587259,1
0.12751677847214088,0.13422818786541146,0.6442953017539751,0.09395973150578804,11.379194626290259,0
0.26271186427319737,0.11864406773628268,0.48305084721200797,0.1355932202700373,6.584745759363688,1
0.09022556386907117,0.15789473677087454,0.654135338050766,0.09774436085816042,10.429824556698325,0
0.19259259250699587,0.11111111106172838,0.5777777775209876,0.11851851846584362,8.93950616886639,1
0.21428571420222634,0.11038961034660144,0.6038961036608197,0.0714285714007421,10.982683978405015,0
0.11188811184116582,0.14685314679153014,0.6503496500767764,0.09090909087094723,11.08974358509055,0
0.14583333327256945,0.15277777771412038,0.6041666664149307,0.09722222218171298,10.057870366179591,0
0.4285714283553421,0.10924369742391074,0.3025210082508297,0.1596638654657157,6.2002801089186255,2
0.3645833331054687,0.1041666666015625,0.4374999997265625,0.09374999994140625,5.5034722187825516,0
0.028776978404844465,0.15107913662543346,0.7122302155199005,0.10791366901816675,12.569544359082691,0
0.23478260857315691,0.11304347820189035,0.5217391301625709,0.13043478254064272,6.844927532660617,1
0.29310344812425687,0.12068965510998812,0.46551724113852555,0.12068965510998812,6.413793100130796,1
0.4333333331166666,0.13333333326666666,0.2749999998625,0.15833333325416665,6.1249999969374995,2
0.42142857124795924,0.11428571423673468,0.3214285712908163,0.14285714279591838,7.335714282570409,2
0.20325203242117787,0.12195121945270672,0.5365853655919095,0.13821138204640096,7.445799454362482,1
0.1970802918844904,0.10948905104693911,0.5912408756534712,0.10218978097714317,9.380778584699415,1
0.07751937980890572,0.162790697598702,0.651162790394808,0.108527131732468,10.06847544751337,0
0.4888888885629629,0.15555555545185185,0.13333333324444444,0.22222222207407408,4.955555552251852,2
0.09589041091949708,0.13698630131356726,0.6780821915021579,0.08904109585381871,12.061643830659595,0
0.22297297288257853,0.10810810806428049,0.5675675673374726,0.10135135131026297,9.71396396002587,1
0.2348484847417355,0.12121212115702476,0.5454545452066114,0.09848484844008262,8.295454541683883,1
0.22222222205761316,0.29629629607681757,0.3333333330864197,0.14814814803840878,3.6481481454458162,2
0.6315789469695291,0.1368421051767313,0.03157894734847645,0.1999999998736842,7.261403504185781,2
0.10077519375157742,0.14728682163692083,0.651162790394808,0.10077519375157742,10.019379840301063,0
0.3062499998851562,0.11874999995546875,0.4874999998171875,0.0874999999671875,9.41874999646797,0
0.2230769229739645,0.11538461533136095,0.5307692305242604,0.13076923070887575,7.841025637406706,1
0.09859154925411624,0.13380281684487202,0.6760563377425114,0.09154929573596507,11.669014079576472,0
0.317647058599308,0.10588235286643598,0.3882352938435986,0.18823529398477507,4.225490193095733,0
0.23404255309189678,0.1063829786781349,0.5531914891263014,0.1063829786781349,9.010638294038026,1
0.11034482754054697,0.14482758614696792,0.6413793100794293,0.10344827581926279,11.001149420735159,0
0.36842105246537393,0.12030075182542824,0.33834586450901694,0.1729323307490531,6.530075185024026,2
0.048780487781082675,0.16260162593694227,0.6829268289351575,0.10569105685901246,10.38075880252429,0
0.11278195483633896,0.15789473677087454,0.6315789470834982,0.09774436085816042,9.888471173483897,0
0.21641791035085764,0.1343283581488082,0.5597014922867009,0.08955223876587214,8.624378105591076,0
0.033613445361203295,0.15126050412541484,0.7058823525852693,0.10924369742391071,10.595238089895958,0
0.20454545445247937,0.09848484844008265,0.5909090906404959,0.10606060601239671,9.063131309011709,1
0.09859154925411624,0.12676056332672087,0.6760563377425114,0.09859154925411624,11.657276990379554,0
0.5862068961474435,0.1494252872532699,0.06896551719381688,0.1954022987158145,5.929118769857313,2
0.06249999997070312,0.1484374999304199,0.6796874996813965,0.10937499994873048,10.664062495001222,0
0.5689655166527943,0.2241379308026159,0.10344827575505351,0.10344827575505351,3.821839076506144,2
0.2941176469105289,0.1344537814448132,0.45378151237624464,0.11764705876421158,6.432773106000282,1
0.521739130094518,0.17391304336483931,0.09782608689272212,0.2065217389957467,5.438405793554663,2
0.1717171716131007,0.18181818170798897,0.48484848455463725,0.1616161615182124,5.341750838513416,2
0.4068965515557669,0.11724137926183115,0.33103448262164087,0.1448275861469679,7.488505744027744,2
0.2619047617800453,0.13492063485638697,0.4999999997619047,0.10317460312547239,7.296296292821868,1
0.20895522378703496,0.11194029845734015,0.5597014922867007,0.11940298502116282,8.569651737456374,1
0.4615384612721893,0.13461538453772187,0.2019230768065828,0.2019230768065828,5.419871791744946,2
0.3333333331372549,0.13725490188004613,0.3529411762629758,0.1764705881314879,4.856209147470205,1
0.2249999998875,0.1249999999375,0.5249999997375,0.1249999999375,7.149999996425,1
0.09848484844008265,0.15909090901859507,0.6363636360743803,0.10606060601239671,9.926767672255513,0
0.11363636358471076,0.14393939387396695,0.6363636360743803,0.10606060601239671,9.896464641966256,0
0.4854368929211047,0.13592233001790932,0.1747572814515977,0.20388349502686395,5.600323621333144,2
0.5043478258238185,0.10434782603251419,0.20869565206502838,0.18260869555689982,6.557971011071204,2
0.2520325202022606,0.13821138204640096,0.4878048778108269,0.12195121945270672,6.876693763583185,1
0.06818181815082645,0.14393939387396695,0.6818181815082646,0.10606060601239671,11.032828277813364,0
0.05109489048857158,0.1459854013959188,0.7007299267004102,0.10218978097714317,11.996350359709629,0
0.18705035963148905,0.10791366901816676,0.6043165465017339,0.10071942441695565,9.775779372279043,2
0.27835051529174193,0.12371134012966307,0.4948453605186523,0.1030927834413859,5.630584188957027,0
0.2205882351967993,0.102941176425173,0.5514705879919982,0.12499999994485293,8.590686270719793,1
0.10071942441695564,0.15107913662543346,0.6474820141090005,0.10071942441695564,10.711031170436485,0
0.22321428559470663,0.1517857142044005,0.48214285688456626,0.14285714278061223,6.080357139599808,1
0.18796992472723162,0.1052631578472497,0.6090225561162304,0.09774436085816042,9.462406010768838,1
0.21538461528520708,0.10769230764260354,0.5769230766568046,0.09999999995384613,8.6846153806071,1
0.07092198578542327,0.14184397157084655,0.6808510635400633,0.1063829786781349,11.750591011548211,0
0.05633802814520929,0.14788732388117437,0.6971830982969649,0.09859154925411626,12.326291074603914,0
0.19148936162064278,0.09929078009959257,0.5957446805975554,0.1134751772566772,9.73640661524219,1
0.4084507040527673,0.11267605629041857,0.33802816887125575,0.1408450703630232,7.422535208131324,2
0.21951219501487212,0.13008130074955385,0.5121951217013683,0.138211382046401,7.104336039894904,1
0.2196969695971074,0.11363636358471074,0.5681818179235537,0.09848484844008264,8.661616157679063,1
0.24999999988636368,0.1212121211570248,0.49999999977272735,0.12878787872933886,7.563131309693527,1
0.27272727259203605,0.1239669420872891,0.4710743799316986,0.13223140489310836,6.6377410435405135,1
0.08391608388087436,0.13986013980145728,0.6713286710469949,0.10489510485109295,11.637529132646257,0
0.22142857133367344,0.10714285709693876,0.5785714283234693,0.09285714281734692,9.423809519770746,1
0.2583333332041667,0.1249999999375,0.49999999975,0.11666666660833333,6.919444440984722,1
0.10067114089905858,0.13422818786541146,0.6644295299337867,0.10067114089905858,11.913870241287478,0
0.28813559307382935,0.12711864400316,0.457627118411376,0.12711864400316,6.387005646469883,1
0.20799999990016,0.11199999994624,0.57599999972352,0.10399999995008,8.299999996016,1
0.21874999989746097,0.10937499994873048,0.5624999997363281,0.10937499994873048,8.281249996118165,1
0.06976744182801516,0.14728682163692086,0.6744186043374798,0.10852713173246802,10.60335916819482,0
0.21985815593481214,0.09929078009959258,0.5744680848619285,0.1063829786781349,9.388888884893616,1
0.0729927006979594,0.1459854013959188,0.6788321164910225,0.10218978097714317,11.368613133707179,0
0.4218749998022461,0.10156249995239257,0.3281249998461914,0.1484374999304199,6.783854163486735,2
0.12857142851632652,0.09999999995714284,0.6428571425816325,0.12857142851632652,10.64761904305578,0
0.4862385318424375,0.12844036690177593,0.19266055035266388,0.19266055035266388,5.943425073180989,2
0.39506172810242335,0.19753086405121167,0.22222222205761316,0.18518518504801096,3.7633744828090228,1
0.5578947364897506,0.15789473674238225,0.09473684204542936,0.1894736840908587,6.033333329522807,2
0.22627737216367413,0.10948905104693908,0.5693430654440832,0.09489051090734721,9.049878341535331,1
0.10937499994873048,0.07031249996704102,0.7031249996704102,0.11718749994506836,11.200520828083091,1
0.055555555529100534,0.134920634856387,0.6904761901473923,0.11904761899092971,10.75661375149156,0
0.1874999999121094,0.12499999994140625,0.5624999997363281,0.12499999994140625,8.16666666283854,1
0.0785714285377551,0.12857142851632652,0.7071428568397959,0.08571428567755102,12.369047613746599,0
0.5087719295567866,0.11403508765927976,0.21052631567867036,0.16666666657894735,6.535087715858724,2
0.4237288133438667,0.11016949146940533,0.279661016806952,0.18644067787130134,5.991525420682275,2
0.08843537411356378,0.13605442171317506,0.6734693874802166,0.10204081628488129,12.012471650425748,0
0.44537815103594375,0.11764705876421155,0.2773109242299272,0.15966386546571568,6.2394957951733625,2
0.2608695650812854,0.12173913037126653,0.4956521736544423,0.12173913037126653,6.581159416856207,1
0.05303030300619835,0.15909090901859504,0.6818181815082645,0.1060606060123967,11.093434338391875,0
0.11764705877162628,0.14705882346453286,0.639705882070718,0.09558823525194635,10.286764701344074,0
0.21621621609934258,0.1801801800827855,0.459459459211103,0.14414414406622839,5.755255252144307,0
0.2830188678177287,0.05660377356354574,0.5660377356354575,0.09433962260590957,10.933962260024918,1
0.14492753616887208,0.14492753616887208,0.6086956519092628,0.10144927531821046,9.724637676931318,0
0.11333333328800001,0.12666666661599998,0.659999999736,0.09999999996,11.862222217477333,0
0.12686567158498552,0.1567164178402762,0.6268656713611048,0.08955223876587212,9.863184075185638,0
0.11888111883123868,0.13986013980145728,0.6503496500767763,0.09090909087094722,11.080419575770451,0
0.08088235290549309,0.15441176463775952,0.661764705590398,0.10294117642517302,10.855392152073604,0
0.2608695650812854,0.1304347825406427,0.4956521736544423,0.11304347820189034,6.584057967579332,1
0.49166666642083334,0.14166666659583332,0.2249999998875,0.14166666659583332,6.649999996675,2
0.055555555529100534,0.15873015865457293,0.6666666663492063,0.11904761899092971,10.224867719998741,0
0.2678571427136479,0.1249999999330357,0.48214285688456626,0.1249999999330357,6.26190475855017,1
0.21323529402357266,0.10294117642517302,0.5735294115116782,0.11029411759839966,9.002450976420487,1
0.22399999989248,0.11199999994624,0.55199999973504,0.11199999994624,7.915999996200321,1
0.43650793630007556,0.11111111105820107,0.2857142855782313,0.1666666665873016,6.558201055078105,2
0.3968253966364323,0.11904761899092968,0.3333333331746031,0.15079365072184425,6.415343912288989,2
0.047244094465868934,0.17322834637485277,0.6614173225221651,0.11811023616467234,10.23753280356232,0
0.1304347825519849,0.1376811593604285,0.6304347823345936,0.10144927531821048,10.205314005224743,0
0.22935779803888562,0.1559633026664422,0.4678899079993266,0.14678899074488677,5.766055042697584,1
0.24999999987068963,0.12068965510998812,0.5172413790428062,0.11206896545927467,6.905172410221463,1
0.14285714279591835,0.14999999993571428,0.5999999997428571,0.10714285709693876,9.669047614903741,0
0.2254901959457901,0.09803921562860438,0.5294117643944637,0.14705882344290658,6.160130715330642,0
0.17647058811072663,0.21176470573287196,0.4235294114657439,0.18823529398477507,4.119607840229296,0
0.22131147530099432,0.11475409830421929,0.5163934423689868,0.14754098353399622,7.128415297040668,1
0.10791366901816675,0.16546762582785568,0.6258992803053671,0.10071942441695564,10.214628292952916,0
0.09923664117592214,0.1297709923069751,0.6641221371004021,0.1068702289586854,10.461832056277023,0
0.22535211258083715,0.09859154925411626,0.5704225349702441,0.10563380277226742,9.396713611053034,1
0.28455284538964903,0.11382113815585963,0.4634146339202856,0.138211382046401,6.7195121918441405,1
0.38317756987859203,0.2523364484566338,0.19626168213293738,0.16822429897108918,4.9454828632704455,2
0.2105263156944994,0.1278195488145175,0.5413533832144269,0.12030075182542821,8.161654131656395,1
0.4152542370769894,0.10169491520252802,0.30508474560758403,0.17796610160442403,6.048022595794791,2
0.24193548375390217,0.11290322575182102,0.5080645158831946,0.13709677412721122,7.196236555657735,0
0.21428571419387754,0.11428571423673468,0.5571428569040816,0.11428571423673468,8.923809519985033,1
0.5934065930153363,0.1648351647264823,0.03296703294529646,0.20879120865354425,6.430402926163104,2
0.08955223876587214,0.15671641784027623,0.649253731052573,0.1044776118935175,10.385572134653227,0
0.2792792791283175,0.12612612605794984,0.459459459211103,0.1351351350620891,5.980480477247789,1
0.09160305339315891,0.1603053434380281,0.6412213737521124,0.1068702289586854,9.970737908919254,0
0.26548672552275043,0.14159292027880022,0.47787610594095076,0.11504424772652518,6.25516223856658,1
0.10144927531821046,0.14492753616887208,0.6521739127599243,0.10144927531821046,10.73913043011342,0
0.4095238092897959,0.12380952373877549,0.2857142855510204,0.18095238084897958,5.204761901787755,2
0.48799999976576,0.1199999999424,0.21599999989632002,0.17599999991551998,6.878666663364906,2
0.06923076919881656,0.15384615377514793,0.6692307689218935,0.10769230764260354,10.571794866915582,0
0.418032786679656,0.12295081961166353,0.2950819670679925,0.16393442614888473,6.177595625377139,2
0.08661417318742637,0.11023622042036084,0.6377952752892305,0.16535433063054125,9.60498687210263,2
0.38596491187442283,0.2456140348291782,0.052631578891966756,0.3157894733518005,2.9619883009756847,2
0.24799999988095997,0.10399999995007998,0.5279999997465599,0.11999999994239999,7.614666663011626,1
0.1214285713765306,0.14285714279591835,0.6428571425816325,0.09285714281734692,10.664285709715303,0
0.13235294111807958,0.14705882346453286,0.617647058551038,0.102941176425173,9.774509799609284,0
0.09999999995384616,0.13846153839763314,0.6461538458556213,0.11538461533136095,9.966666662066666,0
0.24817518237306194,0.10948905104693908,0.5255474450253076,0.11678832111673502,8.29805352434635,1
0.03676470586613322,0.1323529411180796,0.7279411761494378,0.10294117642517302,12.67892156303381,0
0.4433962261641154,0.11320754710573158,0.2547169809878961,0.1886792451762193,5.47484276419663,2
0.3983739835455086,0.09756097556216539,0.3414634144675789,0.16260162593694233,6.38075880447551,2
0.5454545450826446,0.1249999999147727,0.06818181813533057,0.26136363618543385,5.6628787840177335,2
0.09722222218171295,0.14583333327256942,0.6666666663888887,0.09027777774016202,11.599537032203893,0
0.1328671328113844,0.13986013980145728,0.6293706291065578,0.09790209786102011,10.555944051514988,0
0.23622047232934465,0.11811023616467232,0.5433070863574927,0.10236220467604934,7.946194221967677,1
0.13725490190695888,0.1241830064872485,0.6470588232756633,0.09150326793797259,11.763616553121025,0
0.13103448270439952,0.14482758614696792,0.6206896549155767,0.10344827581926279,10.490804593360128,0
0.4509803918915802,0.12745098031718569,0.2352941175086505,0.1862745096943483,5.264705879256055,2
0.07246376808443604,0.1666666665942029,0.6521739127599243,0.10869565212665407,10.814009657134005,0
0.48039215658016143,0.10784313719146481,0.2352941175086505,0.1764705881314879,5.591503264684736,2
0.45801526696579453,0.11450381674144863,0.2748091601794767,0.15267175565526486,7.024173024772643,2
0.3559322030278655,0.23728813535191035,0.10169491515081872,0.3050847454524562,2.8163841779268406,2
0.5473684207069252,0.1368421051767313,0.0631578946969529,0.2526315787878116,6.114035083857802,2
0.1843971630421005,0.1063829786781349,0.5957446805975555,0.11347517725667722,9.708037820928023,1
0.37777777760987646,0.10370370365761315,0.3555555553975308,0.16296296289053494,6.895061725330589,2
0.5609756093456275,0.14634146330755501,0.036585365826888754,0.25609756078822127,5.508130077270474,2
0.2631578944598338,0.35087719261311173,0.15789473667590026,0.22807017519852257,2.558479529470606,2
0.5402298846848989,0.16091954011890605,0.03448275859690844,0.2643678159096314,5.6379310305945305,2
0.556818181438533,0.15909090898243802,0.034090909067665286,0.24999999982954543,5.852272723282541,2
0.2307692306724045,0.10489510485109296,0.566433566195902,0.09790209786102011,9.406759902813015,1
0.23770491791588283,0.12295081961166353,0.5163934423689869,0.12295081961166353,7.185792346192781,1
0.4310344825356718,0.1206896551099881,0.25862068952140305,0.18965517231569556,5.862068962485137,2
0.5510204078259059,0.12244897951686798,0.12244897951686798,0.2040816325281133,6.129251696927669,2
0.38931297692092537,0.12213740452421187,0.3435114502243459,0.1450381678725016,6.670483457504613,2
0.06474820141090006,0.15107913662543346,0.6906474817162672,0.09352517981574451,11.878896877366422,0
0.24590163922332706,0.13114754091910777,0.4918032784466541,0.13114754091910777,6.846994532151751,1
0.28813559307382935,0.1355932202700373,0.432203389610744,0.14406779653691468,6.076271183351048,1
0.4761904759183674,0.1428571427755102,0.19999999988571426,0.18095238084897958,5.5984126952136055,2
0.396396396182128,0.15315315307036767,0.2432432431117604,0.20720720709520332,5.229729726902849,2
0.4661016946782533,0.11864406773628268,0.228813559205688,0.18644067787130134,6.262711861222348,2
0.09154929573596508,0.15492957739932553,0.654929577188058,0.09859154925411626,11.147887319233288,0
0.11678832111673504,0.16058394153551067,0.6350364960722468,0.08759124083755128,10.283454983330847,0
0.06993006990072864,0.1328671328113844,0.6923076920172135,0.10489510485109296,12.222610717482354,0
0.4108527129872003,0.108527131732468,0.325581395197404,0.15503875961781144,6.678294570537227,2
0.2792792791283175,0.11711711705381056,0.459459459211103,0.14414414406622839,5.986486483250548,1
0.251908396831187,0.11450381674144863,0.5267175570106637,0.1068702289586854,7.978371497618049,1
0.038167938913816216,0.1603053434380281,0.6870229004486919,0.11450381674144863,11.18447836637861,0
0.4358974356738987,0.11965811959675653,0.25641025627876396,0.18803418793776022,5.955840452786178,2
0.5684210522725762,0.16842105252520775,0.03157894734847645,0.23157894722216066,6.429824557342568,2
0.46226415068173726,0.14150943388216447,0.19811320743503028,0.19811320743503028,5.515723267318144,2
0.23199999988863998,0.11199999994624,0.52799999974656,0.12799999993855998,7.53199999638464,1
0.23134328347850303,0.12686567158498552,0.5373134325952328,0.1044776118935175,8.246268653024059,1
0.09154929573596508,0.1267605633267209,0.6760563377425115,0.10563380277226742,11.659624408218939,0
0.28387096763204994,0.10322580641165452,0.5419354836611863,0.07096774190801249,10.07419354448741,1
0.3380281688712557,0.11971830980856972,0.44366197164352306,0.09859154925411624,7.931924879277591,2
0.0704225351815116,0.1408450703630232,0.6971830982969648,0.09154929573596507,12.288732389173774,0
0.16406249992309568,0.1562499999267578,0.5156249997583007,0.16406249992309568,7.341145829892169,0
0.24999999987068963,0.12931034476070155,0.4913793100906659,0.12931034476070155,6.522988502373167,1
0.43076923057041416,0.10769230764260354,0.2999999998615384,0.1615384614639053,6.787179484046942,2
0.2347826085731569,0.1304347825406427,0.5217391301625708,0.11304347820189034,6.844927532660616,1
0.13475177299230423,0.1276595744137619,0.6382978720688095,0.0992907800995926,10.61583923898144,0
0.3529411762926347,0.1344537814448132,0.40336134433443965,0.10924369742391074,6.292717083661936,2
0.41249999969062495,0.14999999988749999,0.187499999859375,0.24999999981249998,3.870833330430208,0
0.2047244093520987,0.11811023616467234,0.5905511808233617,0.08661417318742638,8.723097108739745,1
0.06666666663703703,0.15555555548641975,0.6666666663703703,0.11111111106172838,10.922222217367901,0
0.5673076919803993,0.13461538453772187,0.11538461531804732,0.18269230758690824,6.701923073056582,2
0.39552238788260197,0.11940298502116284,0.3358208953720205,0.14925373127645356,6.828358205897751,2
0.1928571427744898,0.10714285709693877,0.5999999997428571,0.09999999995714287,9.769047614860884,1
0.477064219920882,0.12844036690177593,0.19266055035266388,0.20183486227421932,5.848623849991582,2
0.06349206346182917,0.1666666665873016,0.6666666663492063,0.1031746031254724,10.22486771999874,0
0.22580645150364204,0.12096774187695108,0.5322580642585848,0.12096774187695108,7.513440856579518,1
0.11643835611653218,0.12328767118221053,0.6575342463051228,0.10273972598517545,11.477168945055043,0
0.2749999998625,0.1249999999375,0.47499999976249996,0.1249999999375,6.649999996675,1
0.5555555551851852,0.17777777765925923,0.03333333331111111,0.23333333317777777,5.937037033079012,2
0.24590163922332706,0.13114754091910777,0.5163934423689869,0.10655737699677506,7.232240433601631,1
0.21985815593481214,0.1063829786781349,0.5744680848619285,0.09929078009959258,9.388888884893618,1
0.23999999988479997,0.13599999993471998,0.47999999976959995,0.14399999993087997,6.817333330061012,1
0.0708661416988034,0.16535433063054125,0.661417322522165,0.10236220467604934,10.166666661863516,0
0.5233644856878329,0.13084112142195822,0.14018691580924095,0.20560747652022007,6.294392519834919,2
0.20129870122027324,0.1623376622744139,0.5454545452420306,0.09090909087367179,9.564935061208466,2
0.4999999997222222,0.12037037030349793,0.19444444433641975,0.18518518508230453,6.05864197194273,2
0.12499999994791668,0.1319444443894676,0.6458333330642362,0.09722222218171298,11.030092587996721,0
0.20979020970218593,0.11188811184116582,0.5874125871661205,0.09090909087094723,9.768065263966779,1
0.09160305339315891,0.1603053434380281,0.6412213737521124,0.1068702289586854,9.970737908919254,0
0.5425531911430511,0.15957446798325034,0.06382978719330014,0.23404255304210048,5.932624109688396,2
0.06766917290180337,0.13533834580360674,0.6992481199853016,0.09774436085816042,11.557644105061714,0
0.21192052971711767,0.09933774830489892,0.5960264898293934,0.092715231751239,10.535320084114,2
0.12030075182542824,0.14285714279269604,0.6315789470834983,0.10526315784724971,9.860902251190572,0
0.4070796458015506,0.11504424772652515,0.2920353980750254,0.18584070786592527,5.626843654829404,2
0.4473684208171745,0.12280701747922437,0.23684210513850415,0.19298245603878114,5.86257309632964,2
0.1866666665173333,0.2266666664853333,0.39999999967999994,0.1866666665173333,3.513333330522666,0
0.5204081629466889,0.15306122439608497,0.12244897951686798,0.2040816325281133,5.7312925134978485,2
0.06976744182801513,0.1550387596178114,0.6511627903948078,0.12403100769424912,10.06847544751337,0
0.2520325202022605,0.1300813007495538,0.48780487781082676,0.1300813007495538,6.8739837364842336,1
0.08391608388087438,0.1328671328113844,0.6923076920172135,0.09090909087094723,12.208624703502208,0
0.21739130420604913,0.09782608689272211,0.5217391300945179,0.16304347815453685,5.452898547168399,0
0.5794392520115293,0.11214953264739276,0.11214953264739276,0.19626168213293735,7.1230529555073225,2
0.2291666665711805,0.11805555550636572,0.5624999997656249,0.09027777774016202,9.384259255349148,1
0.10714285709693877,0.1571428570755102,0.6214285711622449,0.11428571423673468,10.159523805169728,0
0.20149253722321228,0.10447761189351748,0.5820895519781688,0.11194029845734015,8.997512433782209,1
0.5294117643321798,0.16470588223667817,0.07058823524429064,0.23529411748096885,5.209803917891119,2
0.4253731341378926,0.10447761189351748,0.3134328356805524,0.1567164178402762,7.027363180933021,2
0.3923076921266272,0.1769230768414201,0.3230769229278106,0.10769230764260354,6.52564102262919,2
0.5384615381065089,0.15384615374471683,0.09890109883588938,0.20879120865354425,5.565934062264219,2
0.2265624998937988,0.12499999994140625,0.5390624997473145,0.10937499994873048,7.882812496304932,1
0.5046728969132674,0.13084112142195822,0.2523364484566337,0.11214953264739276,6.207165105553614,0
0.2649572648213894,0.11965811959675653,0.4871794869296515,0.12820512813938198,6.596866093483088,1
0.12499999995065789,0.12499999995065789,0.6513157892165858,0.09868421048736149,11.785087714646236,0
0.5094339619757922,0.12264150936454254,0.19811320743503028,0.1698113206585974,6.0534591160703695,2
0.2499999998660714,0.13392857135682396,0.48214285688456626,0.13392857135682396,6.175595234786883,1
0.5876288656158996,0.14432989681794026,0.06185567006483154,0.2061855668827718,6.668384875600311,2
0.3454545452661157,0.1363636362892562,0.35454545435206614,0.16363636354710745,5.324242421338292,0
0.48453608217451366,0.16494845350621742,0.21649484522691037,0.13402061847380164,5.283505151371026,0
0.10135135131026296,0.14189189183436815,0.6689189186477356,0.0878378378022279,11.977477472621745,0
0.23664122126566053,0.1068702289586854,0.5267175570106637,0.1297709923069751,7.8969465612685745,1
0.4152542370769894,0.12711864400316003,0.27966101680695205,0.17796610160442403,5.870056494190368,2
0.38888888870370375,0.11904761899092972,0.33333333317460323,0.15873015865457296,6.335978832961704,2
0.5578947364897506,0.1473684209595568,0.0631578946969529,0.23157894722216063,6.184210522409972,2
0.05185185182880658,0.15555555548641975,0.688888888582716,0.10370370365761317,11.524691352902606,0
0.41176470567474044,0.1260504201045124,0.27731092422992726,0.18487394948661817,5.880952377987194,2
0.29545454525309917,0.14772727262654958,0.40909090881198346,0.14772727262654958,4.374999997017046,2
0.22916666657118054,0.10416666662326389,0.562499999765625,0.10416666662326389,9.37499999609375,1
0.27007299258244977,0.09489051090734721,0.5474452552346954,0.08759124083755127,8.889294399999821,2
0.26086956508128545,0.1391304347100189,0.46956521714631383,0.13043478254064272,6.227536228634908,1
0.08461538457633136,0.16153846146390533,0.6461538458556213,0.10769230764260357,10.017948713325051,0
0.22695035451335444,0.11347517725667722,0.5531914891263014,0.1063829786781349,8.970449168759618,1
0.33333333309523805,0.21428571413265302,0.21428571413265302,0.23809523792517004,3.634920632324263,0
0.2743902438020523,0.08536585362730517,0.512195121763831,0.12804878044095774,9.876016256549422,1
0.0979020978610201,0.14685314679153014,0.6503496500767763,0.10489510485109295,11.085081580430499,0
0.28688524576054825,0.1147540983042193,0.4672131145243214,0.13114754091910777,6.729508193411717,1
0.45132743338867565,0.12389380524395018,0.23893805297047532,0.18584070786592527,5.851032445270837,2
0.2586206895214031,0.12931034476070155,0.46551724113852555,0.14655172406212844,6.221264364598197,1
0.26993865020738456,0.10429447848921677,0.5153374231231888,0.11042944781211186,9.821063391067913,1
0.2479338841745782,0.11570247928146984,0.5206611567666143,0.11570247928146984,7.246556470235867,1
0.23809523799805635,0.08843537411356378,0.5714285711953353,0.10204081628488129,9.835600903014946,1
0.255639097629035,0.09022556386907117,0.5413533832144269,0.11278195483633896,8.407268166633312,1
0.2711864405400746,0.11016949146940533,0.5338983048132719,0.08474576266877333,7.4322033860514205,2
0.5047619044734694,0.1619047618122449,0.17142857133061223,0.1619047618122449,5.890476187110204,2
0.26399999987328,0.10399999995008,0.50399999975808,0.12799999993855998,7.310666663157546,1
0.2792207791119919,0.1623376622744139,0.5064935062961713,0.05194805192781244,9.331168827533311,2
0.0757575757231405,0.14393939387396693,0.6818181815082645,0.09848484844008264,11.022727267716943,0
0.09219858152105025,0.14184397157084655,0.6595744678044364,0.1063829786781349,11.161938529529198,0
0.19999999991428574,0.09999999995714287,0.5785714283234694,0.12142857137653063,9.321428567433674,1
0.3793103446313912,0.14655172406212844,0.336206896377824,0.13793103441141497,5.749999997025862,2
0.13043478255198485,0.14492753616887205,0.6304347823345935,0.09420289850976683,10.219806758841628,0
0.41592920331897565,0.11504424772652518,0.29203539807502543,0.1769911503485003,5.7035398199804215,2
0.22137404570013403,0.1068702289586854,0.5496183203589534,0.12213740452421187,8.24045801149292,1
0.5555555552469136,0.1111111110493827,0.1388888888117284,0.19444444433641975,6.805555551774691,2
0.2384615383514793,0.11538461533136093,0.5307692305242603,0.11538461533136093,7.912820509168441,1
0.13071895419710367,0.13725490190695883,0.6470588232756631,0.08496732022811737,11.776688448540732,0
0.210937499901123,0.10937499994873046,0.562499999736328,0.11718749994506834,8.247395829467365,1
0.23664122126566053,0.1068702289586854,0.5496183203589534,0.1068702289586854,8.316793889320552,1
0.554455445215175,0.1287128712106656,0.1188118811175375,0.19801980186256252,6.351485144741693,2
0.2583333332041666,0.13333333326666663,0.4749999997624999,0.13333333326666663,6.5583333300541655,1
0.09022556386907118,0.16541353375996382,0.6315789470834983,0.11278195483633897,9.911027564451167,0
0.39823008828412554,0.12389380524395018,0.2920353980750254,0.18584070786592527,5.532448374643536,2
0.5483870964203954,0.1505376343114811,0.09677419348595213,0.20430107513701004,5.804659494462943,2
0.10810810806428049,0.12162162157231557,0.6689189186477356,0.10135135131026297,11.943693688851656,0
0.5137614676071037,0.14678899074488677,0.13761467882333137,0.20183486227421932,6.270642198383133,2
0.2428571426489796,0.27142857119591834,0.2999999997428571,0.18571428555510203,2.9999999974285716,0
0.08888888884938272,0.15555555548641975,0.6444444441580247,0.11111111106172838,10.344444439846914,0
0.28813559307382935,0.12711864400316,0.457627118411376,0.12711864400316,6.387005646469883,1
0.2230769229739645,0.13076923070887575,0.5307692305242604,0.11538461533136095,7.841025637406706,1
0.5591397845855012,0.16129032247658687,0.03225806449531737,0.24731182779743321,6.2132616447369635,2
0.3846153844540075,0.08391608388087438,0.39860139843415326,0.1328671328113844,7.900932397617323,1
0.10791366901816675,0.14388489202422233,0.6474820141090005,0.10071942441695564,10.696642681234064,0
0.28703703687757204,0.12962962955761317,0.4722222219598765,0.1111111110493827,6.021604934926269,2
0.251908396831187,0.11450381674144863,0.5267175570106637,0.1068702289586854,7.978371497618049,1
0.32673267307322806,0.09900990093128123,0.3861386136319968,0.18811881176943432,5.067656762666077,2
0.231343283478503,0.11194029845734015,0.5597014922867007,0.09701492532969479,8.681592035913713,0
0.20394736834054708,0.11842105258483378,0.5526315787292243,0.12499999995065787,9.54166666290022,2
0.2545454544066116,0.15454545446115703,0.4636363633834711,0.1272727272033058,5.863636360438017,1
0.3257575756095041,0.12121212115702476,0.4999999997727272,0.05303030300619834,8.219696965960743,2
0.439999999736,0.119999999928,0.239999999856,0.19999999988000003,5.093333330277334,2
0.12587412582131155,0.13986013980145728,0.6293706291065577,0.10489510485109295,10.546620042194892,0
0.2749999998625,0.1249999999375,0.449999999775,0.149999999925,6.3249999968375,1
0.1956521738279773,0.06521739127599244,0.6739130431852551,0.06521739127599244,11.521739125425329,0
0.2876712326402702,0.15068493138299868,0.4109589037718146,0.15068493138299868,3.6141552481710137,2
0.22857142847346937,0.10714285709693877,0.5357142854846939,0.12857142851632652,8.56904761537517,1
0.06106870226210592,0.15267175565526483,0.664122137100402,0.12213740452421185,10.54580152188742,0
0.1940298506593896,0.11940298502116284,0.5597014922867009,0.12686567158498552,8.514925369321675,1
0.25384615372899405,0.10769230764260354,0.5307692305242603,0.10769230764260354,8.00256409887061,1
0.24999999987903224,0.11290322575182102,0.5080645158831946,0.12903225800208115,7.233870964241675,1
0.279661016806952,0.12711864400316,0.48305084721200797,0.11016949146940533,6.68361581581059,1
0.13043478255198487,0.1521739129773157,0.6304347823345936,0.08695652170132324,10.239130430330812,0
0.0937499999560547,0.1484374999304199,0.6562499996923828,0.10156249995239257,10.06510416194865,0
0.26016260149910764,0.13008130074955382,0.4878048778108269,0.12195121945270672,6.91734417006742,1
0.2666666665333333,0.1249999999375,0.47499999976249996,0.13333333326666666,6.602777774476388,1
0.08148148144526748,0.16296296289053497,0.6666666663703703,0.08888888884938272,10.924691353169273,0
0.23684210513850415,0.13157894729916897,0.49999999973684206,0.13157894729916897,6.473684207119113,1
0.08955223876587214,0.1641791044040989,0.649253731052573,0.0970149253296948,10.405472632156755,0
0.20863309343512237,0.11510791361937786,0.5611510788944671,0.11510791361937786,8.917266183201178,1
0.2352941175432526,0.11029411759839966,0.5514705879919983,0.10294117642517302,8.664215682452063,1
0.1283783783263331,0.1283783783263331,0.648648648385683,0.09459459455624544,11.412162157535612,0
0.07352941173226644,0.13970588229130623,0.6838235291100779,0.10294117642517302,11.404411759674526,0
0.19047619039844507,0.06802721085658753,0.6122448977092877,0.12925170062751629,10.595238090913508,1
0.4126984125018896,0.1031746031254724,0.3333333331746032,0.15079365072184428,6.611111107962962,2
0.10810810806428049,0.1283783783263331,0.6689189186477356,0.09459459455624544,11.952702697857013,0
0.46666666629333325,0.25333333313066664,0.15999999987199998,0.119999999904,4.0244444412248885,2
0.22377622368233163,0.09790209786102011,0.5874125871661205,0.09090909087094723,9.842657338527555,1
0.3833333331416667,0.09999999995,0.3749999998125,0.14166666659583332,6.352777774601389,2
0.40287769766782255,0.10791366901816675,0.3453237408581336,0.14388489202422233,7.272182251057572,2
0.4854368929211047,0.12621359215948721,0.20388349502686395,0.18446601931001977,5.616504851097181,2
0.43362831835382565,0.1238938052439502,0.26548672552275043,0.1769911503485003,5.747787607567546,2
0.22463768106175175,0.12318840574354127,0.5434782606332703,0.10869565212665407,8.574879223324933,1
0.5670103089276224,0.11340206178552448,0.15463917516207884,0.16494845350621742,6.231958759031777,2
0.470588235017301,0.14705882344290658,0.1764705881314879,0.2058823528200692,5.38235293801038,2
0.27433628304017543,0.1238938052439502,0.47787610594095076,0.1238938052439502,6.296460173647898,1
0.43999999964799996,0.18666666651733332,0.239999999808,0.13333333322666666,3.797777774739555,0
0.36842105239889195,0.11578947361108033,0.3789473681817175,0.1368421051767313,4.931578944253739,0
0.09655172409797859,0.13793103442568372,0.6827586204071343,0.08275862065541022,12.116091949009432,0
0.0629921259544919,0.14960629914191825,0.6850393697550995,0.10236220467604934,10.71259842013578,0
0.11940298502116284,0.14925373127645356,0.6268656713611049,0.1044776118935175,9.835820891118289,0
0.47663551375141927,0.10280373826011004,0.2803738316184819,0.14018691580924095,5.9922118346461115,1
0.08527131778979628,0.14728682163692083,0.651162790394808,0.11627906971335857,10.029715757608917,0
0.4051724135835315,0.11206896545927467,0.3103448274256837,0.17241379301426873,5.853448272834423,2
0.09090909087094723,0.13986013980145728,0.671328671046995,0.09790209786102011,11.632867127986211,0
0.20155038750315488,0.10852713173246802,0.5581395346241212,0.13178294567513973,8.19767441479178,1
0.08955223876587214,0.1343283581488082,0.671641790744041,0.1044776118935175,10.900497507556992,0
0.4864864862235208,0.11711711705381056,0.21621621609934258,0.1801801800827855,6.0975975943015985,2
0.4272727270396694,0.1272727272033058,0.24545454532066116,0.19999999989090908,5.481818178828099,2
0.13043478255198487,0.1521739129773157,0.6086956519092628,0.10869565212665407,9.717391300122875,0
0.08029197076775534,0.13868613132612287,0.6788321164910225,0.10218978097714317,11.34671532349779,0
0.10791366901816675,0.14388489202422233,0.6474820141090005,0.10071942441695564,10.696642681234064,0
0.19858156019918516,0.1063829786781349,0.5744680848619285,0.12056737583521956,9.289598104794024,1
0.21705426346493598,0.12403100769424912,0.558139534624121,0.1007751937515774,8.259689918638902,1
0.42399999979647995,0.11999999994239999,0.31199999985023996,0.14399999993087997,6.505333330210773,2
0.11724137926183115,0.15172413786825206,0.6413793100794292,0.0896551723766944,11.02413792647277,0
0.3536585363265913,0.13414634136525877,0.36585365826888755,0.14634146330755501,4.07723576937438,1
0.27826086942003775,0.11304347820189034,0.4956521736544423,0.11304347820189034,6.682608692165595,1
0.14960629914191825,0.18110236211916422,0.5196850391245582,0.14960629914191825,7.358267713059085,2
0.2071428570540816,0.09999999995714287,0.5785714283234694,0.11428571423673468,9.349999995992857,1
0.2391304346786389,0.10144927531821045,0.5434782606332702,0.11594202893509764,8.65458936821781,1
0.49999999966666664,0.16666666655555554,0.09999999993333333,0.23333333317777777,5.133333329911111,2
0.06106870226210594,0.1450381678725016,0.6870229004486919,0.1068702289586854,11.095419842246372,0
0.3951612901313736,0.1209677418769511,0.3387096772554631,0.1451612902523413,6.336021502310527,2
0.21138211371802496,0.13008130074955382,0.5365853655919095,0.12195121945270672,7.470189698253023,1
0.23664122126566048,0.12213740452421185,0.5496183203589534,0.0916030533931589,8.326972006364237,1
0.24193548375390217,0.11290322575182102,0.5322580642585848,0.11290322575182102,7.591397845789109,1
0.5353535350290787,0.13131313123354757,0.12121212113865931,0.2121212119926538,5.998316494681156,2
0.21774193537851197,0.10483870962669095,0.556451612633975,0.1209677418769511,7.908602146710892,1
0.09923664117592214,0.1450381678725016,0.6412213737521124,0.11450381674144863,9.93765902852728,0
0.41911764687391867,0.11029411759839965,0.308823529275519,0.16176470581098615,7.012254898867141,2
0.42342342319454584,0.1351351350620891,0.2702702701241782,0.1711711710786462,5.548048045049103,2
0.37499999981249993,0.11666666660833332,0.32499999983749994,0.18333333324166662,5.869444441509721,2
0.19285714277448976,0.09999999995714284,0.5999999997428571,0.10714285709693876,9.769047614860884,1
0.10714285709693877,0.1571428570755102,0.6428571425816326,0.09285714281734693,10.688095233514625,0
0.08527131778979628,0.14728682163692083,0.651162790394808,0.11627906971335857,10.029715757608917,0
0.5913978490808185,0.1505376343114811,0.03225806449531737,0.22580645146722164,6.578853042350559,2
0.19999999991111106,0.10370370365761315,0.5777777775209876,0.11851851846584359,8.969135798482851,1
0.45801526696579453,0.09923664117592214,0.2748091601794767,0.16793893122079132,7.059796434425539,2
0.217054263464936,0.11627906971335857,0.5348837206814494,0.1317829456751397,7.828165371035995,1
0.09629629625349793,0.14074074067818929,0.6666666663703703,0.09629629625349793,10.862962958134979,0
0.2238805969146803,0.10447761189351748,0.5597014922867007,0.11194029845734015,8.63930347871872,1
0.525773195551068,0.14432989681794026,0.12371134012966307,0.2061855668827718,5.740549824627839,2
0.3884892084654003,0.10791366901816675,0.3453237408581336,0.15827338122664455,7.109112706763452,2
0.4045801524864518,0.10687022895868538,0.32061068687605615,0.1679389312207913,6.683206103809218,2
0.4385964907663897,0.3333333329824561,0.052631578891966756,0.17543859630655587,3.2017543825946446,2
0.5113636360149794,0.18181818169421488,0.06818181813533057,0.23863636347365702,5.223484844923382,2
0.4761904759183674,0.12380952373877549,0.19999999988571426,0.19999999988571426,5.636507933287076,2
0.44067796587762137,0.11016949146940534,0.27966101680695205,0.1694915253375467,6.161016946019822,2
0.1956521738279773,0.10869565212665407,0.586956521483932,0.10869565212665407,9.34782608289225,1
0.434108526929872,0.108527131732468,0.27906976731206057,0.17829457356048314,6.662790694575446,2
0.4090909089049586,0.12878787872933883,0.31818181803719003,0.1439393938739669,6.729797976738979,2
0.4660194172042605,0.11650485430106512,0.20388349502686395,0.21359223288528603,5.45792879940962,2
0.08955223876587214,0.14179104471263088,0.671641790744041,0.0970149253296948,10.912935318496695,0
0.20547945197035092,0.10273972598517546,0.5753424655169825,0.1164383561165322,9.668949767715958,1
0.4083333331291667,0.12499999993750002,0.32499999983750005,0.14166666659583335,6.161111108030556,2
0.4343434340801959,0.15151515142332414,0.2121212119926538,0.20202020189776554,4.90740740443322,2
0.08088235290549309,0.15441176463775952,0.661764705590398,0.10294117642517302,10.855392152073604,0
0.07092198578542327,0.14893617014938887,0.6808510635400633,0.09929078009959258,11.764775408705296,0
0.5327102800751157,0.13084112142195822,0.16822429897108915,0.16822429897108915,6.375389404524703,2
0.40909090890495875,0.09848484844008265,0.3409090907541323,0.15151515144628103,6.957070703908403,2
0.10273972598517546,0.12328767118221055,0.678082191502158,0.0958904109194971,12.03881278044067,0
0.42592592568930043,0.12037037030349793,0.2777777776234568,0.17592592582818928,5.472222219182099,2
0.085714285677551,0.14285714279591835,0.6642857140010203,0.10714285709693876,11.211904757099658,0
0.22627737216367413,0.09489051090734721,0.5693430654440832,0.10948905104693908,9.049878341535331,1
0.37599999981952,0.11199999994624,0.3599999998272,0.15199999992704,6.387999996933759,2
0.23015873004913073,0.1031746031254724,0.5476190473582766,0.11904761899092971,7.93121692744016,1
0.09523809519922254,0.1428571427988338,0.6530612242232402,0.10884353737054003,11.461451242487387,0
0.22222222211640213,0.11111111105820107,0.5476190473582766,0.11904761899092971,7.891534387776518,1
0.2323943660989883,0.09154929573596508,0.5704225349702441,0.10563380277226742,9.441314550001323,1
0.5510204078259059,0.16326530602249062,0.09183673463765098,0.1938775509017076,6.146258499638345,2
0.11851851846584362,0.14814814808230453,0.622222221945679,0.11111111106172838,9.79876542774376,0
0.5652173909357278,0.16304347815453687,0.06521739126181475,0.2065217389957467,6.025362314910995,2
0.03906249998168945,0.1640624999230957,0.6796874996813965,0.11718749994506836,10.75520832829183,0
0.4531249997875976,0.11718749994506836,0.28124999986816407,0.1484374999304199,6.8307291634647616,2
0.12592592586995882,0.15555555548641972,0.6222222219456789,0.09629629625349792,9.820987649956102,0
0.22222222211640213,0.11904761899092971,0.5476190473582766,0.11111111105820107,7.891534387776518,1
0.2589928056436002,0.0863309352145334,0.5179856112872004,0.1366906474230112,8.37529975657661,2
0.5306122445730945,0.16326530602249062,0.09183673463765098,0.21428571415451894,5.9217687038574205,2
0.11029411759839966,0.13970588229130623,0.639705882070718,0.11029411759839966,10.269607838606547,0
0.23255813942671713,0.11627906971335857,0.5348837206814494,0.11627906971335857,7.895348833537048,1
0.45161290300728407,0.11290322575182102,0.2661290321292924,0.1693548386277315,6.534946233397069,2
0.5473684207069252,0.16842105252520775,0.09473684204542937,0.18947368409085874,5.903508768201292,2
0.14093959725868205,0.12751677847214088,0.6040268453943516,0.12751677847214088,10.361297534977554,0
0.41441441419040664,0.11711711705381056,0.29729729713659603,0.1711711710786462,5.608108105076698,2
0.528301886493414,0.1509433961409754,0.11320754710573157,0.20754716969384118,6.320754713403346,2
0.10714285709693877,0.13571428565612245,0.6642857140010204,0.09285714281734693,11.195238090440135,0
0.4590163932168772,0.13114754091910777,0.22131147530099435,0.1885245900712174,6.352459013269282,2
0.2121212120440771,0.13333333328484848,0.563636363431405,0.09090909087603305,10.689898986011755,0
0.19083969456908106,0.1068702289586854,0.5954198470555329,0.1068702289586854,9.034351140900297,1
0.22935779803888562,0.12844036690177593,0.5229357795286591,0.1192660549802205,6.481651372578906,1
0.240740740473251,0.14814814798353906,0.3333333329629629,0.2777777774691358,2.413580244231824,2
0.39534883702541906,0.10852713173246799,0.34883720914007565,0.14728682163692083,6.696382425825971,2
0.04761904759637189,0.17460317452003024,0.6666666663492065,0.11111111105820108,10.280423275527843,0
0.20454545445247937,0.1212121211570248,0.5681818179235538,0.10606060601239671,8.593434339528239,1
0.5842696625274586,0.1348314605832597,0.06741573029162985,0.21348314592349452,6.076779022120523,2
0.09285714281734693,0.14999999993571428,0.6428571425816326,0.11428571423673468,10.673809519235032,0
0.12244897954185754,0.13605442171317506,0.6530612242232402,0.08843537411356377,11.461451242487387,0
0.06399999996927999,0.1599999999232,0.67199999967744,0.10399999995007998,10.25199999507904,0
0.21379310335980975,0.10344827581926277,0.5793103445878716,0.10344827581926277,9.732183904018866,1
0.23770491791588283,0.13114754091910777,0.5163934423689869,0.1147540983042193,7.188524586628596,1
0.21186440667193335,0.11864406773628268,0.50847457601264,0.16101694907066932,6.754237284701234,1
0.48484848455463725,0.18181818170798897,0.12121212113865931,0.2121212119926538,5.409090905812672,1
0.0781249999633789,0.16406249992309568,0.6562499996923827,0.10156249995239255,10.111979161926675,0
0.2888888887604938,0.1703703702946502,0.3999999998222221,0.14074074067818926,6.576543206953634,1
0.2689075628896264,0.1344537814448132,0.4789915963971471,0.11764705876421158,6.6176470554869,1
0.08333333329545455,0.151515151446281,0.6590909087913223,0.1060606060123967,10.462121207365701,0
0.2121212120247934,0.11363636358471074,0.5454545452066115,0.12878787872933883,8.184343430623278,1
0.43199999979264003,0.1199999999424,0.28799999986176,0.15999999992320002,6.449333330237654,2
0.22972972963659605,0.09459459455624543,0.5675675673374726,0.10810810806428048,9.756756752801316,1
0.3684210523407202,0.17105263144390578,0.2763157892555401,0.1842105261703601,3.4868421025103875,2
0.07031249996704102,0.1640624999230957,0.6562499996923828,0.10937499994873048,10.122395828588461,0
0.4434782606381852,0.1826086955568998,0.20869565206502833,0.16521739121814744,5.76666666365797,0
0.2038216559730618,0.09554140123737272,0.5923566876717109,0.10828025473568909,10.814225048945733,0
0.22302158263754462,0.11510791361937786,0.5611510788944671,0.10071942441695564,8.989208629213291,1
0.07092198578542327,0.14893617014938887,0.6808510635400633,0.09929078009959258,11.764775408705296,0
0.10218978097714315,0.14598540139591878,0.6569343062816345,0.09489051090734721,10.7846715281235,0
0.07751937980890572,0.14728682163692083,0.6744186043374797,0.10077519375157742,10.593023250886965,0
0.5978260865666352,0.1304347825236295,0.032608695630907375,0.23913043462665406,6.634057966687934,2
0.07092198578542327,0.1347517729923042,0.7021276592756903,0.09219858152105025,12.329787228795833,0
0.44117647019896195,0.19117647041955016,0.17647058807958477,0.19117647041955016,3.3872548989720292,2
0.528301886493414,0.12264150936454252,0.16981132065859736,0.1792452829174083,6.273584902109293,2
0.20261437900551071,0.13725490190695885,0.5882352938869665,0.07189542480840702,10.482570801989404,0
0.08955223876587214,0.14179104471263088,0.671641790744041,0.0970149253296948,10.912935318496695,0
0.5851063826052512,0.1382978722521503,0.06382978719330014,0.21276595731100045,6.436170208657763,2
0.20270270262052592,0.16891891885043828,0.54729729707542,0.08108108104821037,9.268018014260713,1
0.24444444433580245,0.11111111106172838,0.5333333330962963,0.11111111106172838,8.299999996311112,1
0.39823008828412565,0.13274336276137522,0.29203539807502543,0.1769911503485003,5.5147492596086884,2
0.5280898872844337,0.19101123582628457,0.06741573029162985,0.21348314592349452,5.421348310951901,2
0.12230215822058899,0.14388489202422233,0.6258992803053671,0.10791366901816675,10.17146282534565,0
0.22556390967267792,0.1052631578472497,0.5639097741816947,0.1052631578472497,8.667919795588405,1
0.4591836731882548,0.14285714276967929,0.18367346927530193,0.2142857141545189,5.078231289407885,2
0.0671641790744041,0.1343283581488082,0.694029850435509,0.1044776118935175,11.504975119226627,0
0.39199999981183997,0.11199999994624,0.31199999985024,0.18399999991168,6.195999997025919,2
0.26999999983800005,0.109999999934,0.5399999996760001,0.07999999995200001,6.383333329503335,0
0.08527131778979628,0.14728682163692083,0.651162790394808,0.11627906971335857,10.029715757608917,0
0.2857142854916512,0.23376623358407828,0.3506493503761174,0.12987012976893236,3.543290040529038,1
0.21739130425330816,0.09420289850976686,0.5869565214839321,0.10144927531821048,9.45169081714661,1
0.406779660810112,0.12711864400316,0.279661016806952,0.18644067787130134,5.79378530778847,2
0.2426470587164792,0.08823529407871972,0.5294117644723183,0.1397058822913062,8.30637254535503,2
0.41958041940437185,0.09090909087094723,0.3356643355234975,0.15384615378160302,7.642191138984629,2
0.2970297027938437,0.18811881176943437,0.41584158391138126,0.09900990093128126,5.156765673504231,0
0.208955223787035,0.1044776118935175,0.5820895519781689,0.1044776118935175,9.02985074222544,1
0.5444444440814815,0.14444444434814815,0.06666666662222223,0.2444444442814815,5.722222218407407,2
0.23809523798185944,0.12698412692365837,0.5238095235600908,0.11111111105820108,7.550264546669188,1
0.24409448807365614,0.1259842519089838,0.5196850391245582,0.11023622042036084,7.570866138155495,1
0.2941176467993079,0.16176470573961935,0.3529411761591695,0.19117647041955013,3.102941173732698,2
0.3846153844540075,0.11188811184116582,0.41958041940437185,0.08391608388087438,8.187645684210311,0
0.08148148144526748,0.14814814808230453,0.6666666663703703,0.10370370365761317,10.885185180347325,0
0.10204081628488129,0.12244897954185756,0.6734693874802166,0.10204081628488129,11.989795913473552,0
0.06521739127599244,0.13043478255198487,0.695652173610586,0.10869565212665407,11.891304342655955,0
0.4356435640976375,0.05940594055876875,0.38613861363199686,0.1188118811175375,6.001650161451164,2
0.4356435640976375,0.237623762235075,0.14851485139692186,0.17821782167630626,5.051155112510865,1
0.42148760309678296,0.11570247928146984,0.29752066100949387,0.16528925611638548,6.188705231091,2
0.48387096742976066,0.10752688165105792,0.22580645146722164,0.18279569880679847,5.116487451896173,0
0.06818181815082645,0.14393939387396695,0.6818181815082646,0.10606060601239671,11.032828277813364,0
0.2711864405400747,0.12711864400316003,0.4830508472120081,0.1186440677362827,6.629943499453701,1
0.2792792791283175,0.12612612605794984,0.459459459211103,0.1351351350620891,5.980480477247789,1
0.39682539663643235,0.1031746031254724,0.3095238093764172,0.19047619038548752,6.304232801230788,2
0.3706896549806778,0.12068965510998812,0.336206896377824,0.17241379301426873,5.6982758591215825,2
0.09933774830489892,0.1456953641805184,0.6556291388123329,0.09933774830489892,11.848785867256554,0
0.09352517981574451,0.14388489202422233,0.6690647479126338,0.09352517981574451,11.255395678594791,0
0.06153846151005917,0.16153846146390533,0.6692307689218936,0.10769230764260357,10.602564097670614,0
0.5339805822132152,0.1553398057347535,0.11650485430106515,0.1941747571684419,6.189320384744085,2
0.35294117631487887,0.04411764703935986,0.5073529409526384,0.09558823525194635,8.909313721559617,2
0.41481481463045267,0.10370370365761317,0.33333333318518515,0.14814814808230453,7.10740740424856,2
0.2799999998656,0.09599999995392,0.50399999975808,0.1199999999424,7.4173333297730135,1
0.06818181815082643,0.15151515144628097,0.6590909087913221,0.12121212115702476,10.487373732606745,0
0.2086330934351224,0.10071942441695565,0.5827338126981005,0.10791366901816676,9.38009591921243,1
0.5140186913005502,0.13084112142195825,0.16822429897108918,0.18691588774565465,6.144859809638396,2
0.428571428367347,0.10317460312547241,0.30952380937641727,0.15873015865457296,6.621693118539936,2
0.3719008262618674,0.10743801647565057,0.34710743784440956,0.17355371892220478,6.059228647133166,2
0.3873873871779888,0.10810810804967129,0.43243243219868516,0.07207207203311419,6.548048044508563,0
0.23966942136875896,0.11570247928146986,0.5206611567666144,0.12396694208728913,7.205234156206773,1
0.2711864405400747,0.1440677965369147,0.4576271184113761,0.12711864400316003,6.290960448778607,1
0.39199999981183997,0.10399999995008,0.33599999983872003,0.16799999991936002,6.366666663610666,2
0.11111111106172837,0.1481481480823045,0.6222222219456789,0.11851851846584359,9.798765427743758,0
0.03703703702057613,0.16296296289053497,0.688888888582716,0.11111111106172838,11.583950612135528,0
0.269999999838,0.20999999987399998,0.32999999980199995,0.18999999988599997,4.366666664046666,2
0.26126126112003895,0.12612612605794984,0.43243243219868516,0.1801801800827855,5.617117114080838,2
0.44761904736326524,0.1428571427755102,0.22857142844081632,0.18095238084897958,5.350793647736054,2
0.17910447753174427,0.11194029845734017,0.6044776116696369,0.1044776118935175,9.400497508228632,1
0.5384615381065089,0.15384615374471683,0.06593406589059292,0.2417582415988407,5.70879120502717,2
0.3823529408391003,0.24999999977941179,0.17647058807958477,0.19117647041955016,3.1323529384126294,2
0.5346534650289186,0.13861386130379372,0.11881188111753747,0.20792079195569058,6.100660062382445,2
0.3272727270942149,0.16363636354710745,0.3818181816099174,0.1272727272033058,5.424242421283747,0
0.08391608388087438,0.15384615378160302,0.671328671046995,0.09090909087094723,11.6701631652666,0
0.4298245611772853,0.10526315783933518,0.28947368405817175,0.17543859639889198,5.897660815609418,2
0.33613445361203304,0.15126050412541484,0.42857142835534207,0.08403361340300826,6.477591033148552,0
0.4086021502740201,0.10752688165105792,0.38709677394380854,0.09677419348595213,5.234767021712336,0
0.4418604649107626,0.11627906971335857,0.27906976731206057,0.162790697598702,6.732558136403461,2
0.22137404570013403,0.1297709923069751,0.5267175570106637,0.12213740452421187,7.8206106834409415,1
0.0704225351815116,0.1408450703630232,0.6971830982969648,0.09154929573596507,12.288732389173774,0
0.19999999986666667,0.13333333324444444,0.5666666662888888,0.09999999993333333,5.833333329444445,2
0.2583333332041667,0.1249999999375,0.49999999975,0.11666666660833333,6.919444440984722,1
0.24999999981249998,0.14999999988749999,0.48749999963437496,0.11249999991562498,4.470833329980207,2
0.09090909086776858,0.15151515144628097,0.6590909087913221,0.09848484844008262,10.457070702317491,0
0.6091954018787158,0.12643678152199758,0.034482758596908435,0.2298850573127229,6.396551719726516,2
0.4432989687979594,0.11340206178552448,0.21649484522691037,0.22680412357104895,4.9742268010468695,2
